title,album_name,artist_name
소나기,소나기,아이오아이 (I.O.I)
미워요,정인 From Andromeda,정인
신촌을 못가,신촌을 못가,포스트맨 (Postmen)
가질수 없는 너,Bank 선물,뱅크
술 한잔 해요,Atelier,지아 (Zia)
눈의 꽃,미안하다 사랑한다 OST,박효신
지우개,지우개,알리 (Ali)
오르막길,2012 월간 윤종신 6월호,"정인, 윤종신"
그녀를 찾아주세요,This Is The Name,더 네임 (The Name)
걱정말아요 그대,응답하라 1988 OST Part 2,이적
물감,물감,문문 (MoonMoon)
인연,사랑아...,이선희
바람기억,Principle Of My Soul,나얼
겨울을 걷는다,반오십,윤딴딴
보고싶다,3집 보고 싶다,김범수
바보에게... 바보가,바보에게... 바보가,박명수
퇴근버스,퇴근버스,이준호
내가 저지른 사랑,I`M,임창정
행복하지 말아요,Solitude Love,엠씨더맥스 (M.C The Max)
야생화,야생화,박효신
가시,Effect,버즈 (Buzz)
이 소설의 끝을 다시 써보려 해,이 소설의 끝을 다시 써보려 해,한동근
체념,1집 Like The Bible,빅마마 (Big Mama)
스토커,3,10cm
Tears,First Bridge,소찬휘
One Love,때려 OST,엠씨더맥스 (M.C The Max)
Hello,Like 1st Mini Album `First Story`,허각
그대라는 사치,The 3rd Digital Single `그대라는 사치`,한동근
응급실,쾌걸 춘향 OST,이지 (izi)
소주 한잔,Bye,임창정
안아줘,Lo9ve3r4s,정준일
Marry Me,마크툽 프로젝트 Vol.03,구윤회
키보드 (Prod. By Hansen),공상과학음악,기리보이 (Giriboy)
Believer,Evolve,Imagine Dragons
If You Were Me,미스터 션샤인 OST Part 14,벤(Ben)
Wow Thing,Wow Thing,"슬기 (SEULGI), 신비, 청하, 소연"
Perfect,연애플레이리스트3 Part.1,10cm
정인 (情人),미스터 션샤인 OST Part 13,세정
이별하러 가는 길,이별하러 가는 길,임한별
IndiGO,IM,"저스디스 (JUSTHIS), Kid Milli, NO:EL, 영비 (Young B)"
열애중 (답가),열애중 (답가),하은
유재석 (prod. 진대호),별,빈첸 (VINXEN)
별 (Feat. 김종완 of 넬) (prod.BOYCOLD),별,빈첸 (VINXEN)
도망가지마,A-TEEN Part.4,모트 (Motte)
가을 타나 봐,가을 타나 봐,바이브 (Vibe)
하루도 그대를 사랑하지 않은 적이 없었다,하루도 그대를 사랑하지 않은 적이 없었다,임창정
우리 그만하자,우리 그만하자,로이킴
지워져,백일의 낭군님 OST Part 1,거미
사랑에 아파본 적 있나요,리코드,스탠딩 에그 (Standing Egg)
셀 수 없는 (Countless),`The Story of Light` Epilogue - The 6th Album,샤이니 (SHINee)
We Young,We Young,"찬열, 세훈"
V,V,박재범
노래,노래,김동률
불꽃놀이 (Remember Me),6th Mini Album `REMEMBER ME`,오마이걸 (OH MY GIRL)
잘 지내요,라이프 OST Part.6,정승환
헤어지는 중,헤어지는 중,펀치 (Punch)
사이렌 (Siren),WARNING,선미
너만 괜찮다면,Second Write..,남우현
We Go Up,We Go Up - The 2nd Mini Album,NCT DREAM
"NOAH (Feat. 박재범, Hoody)",TRAVEL: NOAH,김하온 (HAON)
See You Again (Feat. 리처드 용재 오닐),미스터 션샤인 OST Part 11,백지영
몰랐니 (Lil’ Touch),몰랐니 - The 1st Single Album,소녀시대-Oh!GG
사이렌(Siren),WARNING,선미
Kiss Me Like That,SHINHWA TWENTY SPECIAL ALBUM `HEART`,신화
AND I,미스터 션샤인 OST Part 10,뉴이스트 W
YOUNG,YOUNG,"백현 (BAEKHYUN), 로꼬"
Vacation (Feat. SOLE),Vacation,개코 (GAEKO)
늘 그대,뜻밖의 만남 #9. 늘 그대,"양희은, 성시경"
I AM,PRODUCE 48 - 30 Girls 6 Concepts,새벽 한 시
IDOL (Feat. Nicki Minaj),LOVE YOURSELF 結 `Answer`,방탄소년단
스무살이 왜이리 능글맞아 (Feat. 숀 (SHAUN)),스무살이 왜이리 능글맞아,오반 (OVAN)
다시 만나 (See you again),PRODUCE 48 - 30 Girls 6 Concepts,약속
Serendipity (Full Length Edition),LOVE YOURSELF 結 `Answer`,방탄소년단
미워도 다시 한 번,리플리 Vol.3,벤(Ben)
1000%,PRODUCE 48 - 30 Girls 6 Concepts,Summer Wish
Rollin` Rollin`,PRODUCE 48 - 30 Girls 6 Concepts,러브포션
Trivia 承 : Love,LOVE YOURSELF 結 `Answer`,방탄소년단
Trivia 轉 : Seesaw,LOVE YOURSELF 結 `Answer`,방탄소년단
왜 몰랐을까,아는 와이프 OST Part 3,로이킴
너에게 닿기를 (To reach you),PRODUCE 48 - 30 Girls 6 Concepts,기억 조작단
Power,The Power Of Music - The 4th Album Repackage,EXO
어디에도,pathos,엠씨더맥스 (M.C The Max)
HOLIDAY (Feat. DPR LIVE),Faces of Love,수지
덜덜덜,Full Moon,EXID
Ko Ko Bop,THE WAR - The 4th Album,EXO
눈 (Feat. 이문세),눈,자이언티(Zion.T)
별,별,양요섭
겨울소리,겨울소리,박효신
애쓰지 마요,애쓰지 마요,박보람
고민보다 Go,LOVE YOURSELF 承 `Her`,방탄소년단
팔레트 (Feat. G-DRAGON),Palette,아이유 (IU)
다시 쓰고 싶어,이런 꽃 같은 엔딩 OST Part 3,에일리 (Ailee)
매일 듣는 노래 (A Daily Song),Be ordinary,황치열
한숨,SEOULITE,이하이
Blue,Red Diary Page.1,볼빨간 사춘기
미안해,inside,양다일
그 사람을 아나요,그 사람을 아나요,임창정
Closer (Feat. Halsey),Collage,The Chainsmokers
Universe,"Universe - 겨울 스페셜 앨범, 2017",EXO
Thunder,Thunder,Imagine Dragons
바람이 불었으면 좋겠어,바람이 불었으면 좋겠어,길구봉구
에너제틱 (Energetic),1X1=1(TO BE ONE),Wanna One (워너원)
REALLY REALLY,FATE NUMBER FOR,위너(WINNER)
비밀정원,비밀정원,오마이걸 (OH MY GIRL)
나의 사춘기에게,Red Diary Page.1,볼빨간 사춘기
네가 없는 곳,YANG YOSEOP 2ND MINI ALBUM `白`,양요섭
고맙다,SEVENTEEN SPECIAL ALBUM `DIRECTOR`S CUT`,세븐틴
마지막처럼,마지막처럼,BLACKPINK
짙어져,Yellow OST part.2,멜로망스(MeloMance)
바보야,바보야,허각
Lonely (Feat. 태연),종현 소품집 `이야기 Op.2`,종현 (JONGHYUN)
연애소설 (Feat. 아이유),WE`VE DONE SOMETHING WONDERFUL,에픽하이 (EPIK HIGH)
오늘밤도,오늘밤도,펀치 (Punch)
비가 온다,그리고 봄,정승환
빨간 맛 (Red Flavor),The Red Summer - Summer Mini Album,레드벨벳(Red Velvet)
빛 (Hope),Resurrection,H.O.T
가시나,SUNMI SPECIAL EDITION [가시나],선미
노력,01월 24일,박원
봄날,YOU NEVER WALK ALONE,방탄소년단
Beautiful,1-1=0 (NOTHING WITHOUT YOU),Wanna One (워너원)
첫눈처럼 너에게 가겠다,도깨비 OST Part 9,에일리 (Ailee)
"그때의 나, 그때의 우리","그때의 나, 그때의 우리",어반 자카파 (Urban Zakapa)
후유증,후유증,"김희철, 민경훈"
비도 오고 그래서 (Feat. 신용재),/// (너 먹구름 비),헤이즈 (Heize)
There`s Nothing Holdin` Me Back,Illuminate (New Deluxe Ver.),Shawn Mendes
썸 탈꺼야,Red Diary Page.1,볼빨간 사춘기
너 없는 시간들,&10,다비치
True Love,1st Album `10 Stories`,김성규
You,투유 프로젝트 - 슈가맨2 Part.2,멜로망스(MeloMance)
좋아,2017 월간 윤종신 11월호,"윤종신, 민서"
눈 떠보니 이별이더라,REMEMBER ME,포맨 (4Men)
시차 (We Are) (Feat. 로꼬 & GRAY),시차 (We Are),우원재
가을 안부,가을 안부,먼데이키즈 (Monday Kiz)
그리워하다,Brother Act.,비투비 (BTOB)
답장,답장,김동률
기억의 빈자리,기억의 빈자리,나얼
피카부 (Peek-A-Boo),Perfect Velvet - The 2nd Album,레드벨벳(Red Velvet)
밤편지,밤편지,아이유 (IU)
Shape of You,? (Deluxe),Ed Sheeran
My Way,돈꽃 OST Part 1,이수
LIKEY,twicetagram,TWICE
DNA,LOVE YOURSELF 承 `Her`,방탄소년단
다른사람을 사랑하고 있어,Faces of Love,수지
all of my life,0M,박원
좋니,LISTEN 010 좋니,윤종신
이 별,Star,길구봉구
Heart Shaker,Merry & Happy,TWICE
밤이 되니까,밤이 되니까,펀치 (Punch)
#첫사랑,#첫사랑,볼빨간 사춘기
instagram,instagram,DEAN
주인공,주인공,선미
비행운,LIFE IS BEAUTY FULL,문문 (MoonMoon)
눈사람,눈사람,정승환
HandClap,Fitz and The Tantrums (Deluxe),Fitz & The Tantrums
선물,Moonlight,멜로망스(Melomance)
Havana (Feat. Young Thug),Havana,Camila Cabello
Roller Coaster,Offset,청하
Bad Boy,The Perfect Red Velvet - The 2nd Album Repackage,레드벨벳(Red Velvet)
그날처럼,그날처럼,장덕철
그때 헤어지면 돼,그때 헤어지면 돼,로이킴
뿜뿜,GREAT!,모모랜드 (MOMOLAND)
붕붕 (Feat. Sik-K) (Prod. GroovyRoom),고등래퍼2 Final,김하온 (HAON)
Adios (Prod. BOYCOLD),고등래퍼2 Semi Final,김하온 (HAON)
花요일 (Blooming Day),Blooming Days - The 2nd Mini Album,EXO-CBX (첸백시)
What is Love?,What is Love?,TWICE
LA LA,EVERYD4Y,WINNER
여보세요 (HELLO),EVERYD4Y,WINNER
예뻤더라 (WE WERE),EVERYD4Y,WINNER
아름다운 (Feat. 헤이즈),아름다운,신용재
탓 (Prod. BOYCOLD),고등래퍼2 Semi Final,이병재 (Vinxen)
그대니까요,라이브 OST Part.3,다비치
MADMAX (Feat. Woodie Gochild) (Prod. GroovyRoom),고등래퍼2 팀대항전 Part 3,박준호 (PULLIK)
손만 잡고 자자 (TURN OFF THE LIGHT) (MINO SOLO),EVERYD4Y,WINNER
넋두리,넋두리,닐로 (Nilo)
AIR,EVERYD4Y,WINNER
"Young Wave (Feat. 행주, 보이비)",고등래퍼2 팀대항전 Part 3,오담률 (CHIN CHILLA)
내일해,내일해,EXID
EVERYDAY,EVERYD4Y,WINNER
봄이 좋냐??,3.2,10cm
매일 봐요,매일 봐요 (MAEIL BIO),마마무 (Mamamoo)
하루끝엔 그대가 있어요,라이브OST Part.2,한동근
Someone like you,라이브 OST Part.1,EXO-CBX (첸백시)
널 부르는 밤,Sound Doctrine,나얼
봄 사랑 벚꽃 말고,봄 사랑 벚꽃 말고,"HIGH4, 아이유 (IU)"
남겨둘게 (Feat. 헤이즈),남겨둘게,키썸 (Kisum)
그럴 수밖에,그럴 수밖에,김동률
지나오다,About You,닐로 (Nilo)
바코드 (Prod. GroovyRoom),고등래퍼2 팀대항전 Part 3,"김하온 (HAON), 이병재 (Vinxen)"
운명 (The Chance of Love),New Chapter #1 : The Chance of Love - The 8th Album,동방신기
"Like It (Feat. 행주, 보이비)",고등래퍼2 팀대항전 Part 2,"배연서 (WEBSTER B), 윤진영(Clloud)"
비,비,폴킴
어린 왕자 (Prod. Godic),고등래퍼2 팀대항전 Part 2,"김하온(HAON), 박준호(PULLIK)"
껍데기는 가,고등래퍼2 팀대항전 Part 1,"김근수, 조원우 (H2ADIN)"
"모든 날, 모든 순간 (Every day, Every Moment)",`키스 먼저 할까요?` OST Part.3,폴킴
약속해요 (고백 Ver.),0+1=1 (I PROMISE YOU),Wanna One (워너원)
WE ARE,0+1=1 (I PROMISE YOU),Wanna One (워너원)
보여,0+1=1 (I PROMISE YOU),Wanna One (워너원)
너의 이름을,0+1=1 (I PROMISE YOU),Wanna One (워너원)
GOLD,0+1=1 (I PROMISE YOU),Wanna One (워너원)
소나기 (Feat. 10cm),소나기,용준형
BOOMERANG (부메랑),0+1=1 (I PROMISE YOU),Wanna One (워너원)
북 (Prod.SLO),고등래퍼2 팀대항전 Part 1,"배연서 (WEBSTER B), 오담률 (CHIN CHILLA)"
BOSS,NCT 2018 EMPATHY,NCT U
결혼,이번 생은 처음이라 OST Part 4,문문 (MoonMoon)
실례해도 될까요,LISTEN 020 실례해도 될까요,"장재인, 수호(SUHO)"
Action! (Feat. GRAY),Action!,DPR LIVE
벚꽃 엔딩,1집 버스커 버스커,버스커 버스커 (Busker Busker)
My Blossom,My Blossom,소유
나타나줘 (Feat. 박재범),나타나줘,로꼬 (LOCO)
Look,Eyes On You,GOT7
꽃 길,꽃 길,빅뱅
She`s gone,Big wave,정일훈
갖고 싶어,1-1=0 (NOTHING WITHOUT YOU),Wanna One (워너원)
바람,바람,헤이즈 (Heize)
다시,다시,이상순
그날의 너에게,그날의 너에게,노을
MIANHAE,바람,헤이즈 (Heize)
잘 살길 바래 (With. DAVII),바람,헤이즈 (Heize)
별 바람 꽃 태양,Yellow Flower,마마무 (Mamamoo)
고무줄다리기 (Rubber Band),고무줄다리기 (Rubber Band),iKON
괜찮냐고,바람,헤이즈 (Heize)
내가 더 나빠,바람,헤이즈 (Heize)
약속해요 (I.P.U.),약속해요 (I.P.U.) - Special Theme Track,Wanna One (워너원)
Jenga (Feat. Gaeko),바람,헤이즈 (Heize)
별이 빛나는 밤,Yellow Flower,마마무 (Mamamoo)
오늘 취하면 (Feat.창모) (Prod. SUGA),WINE,수란 (SURAN)
What Lovers Do (Feat. SZA),Red Pill Blues (Deluxe Edition),Maroon 5
널 너무 모르고,/// (너 먹구름 비),헤이즈 (Heize)
사랑하지 않은 것처럼,`Be One` - Buzz The 1st Mini Album,버즈 (Buzz)
너였다면,또 오해영 OST Part 5,정승환
LONG TIME NO SEE,Return,iKON
Love Yourself,Purpose (Deluxe Edition),Justin Bieber
폰서트,4,10cm
빛이 나 (Shinin`),Poet｜Artist,종현 (JONGHYUN)
가을 아침,꽃갈피 둘,아이유 (IU)
너 하나만 (Feat. 효린),너 하나만,GOT7
피 땀 눈물,WINGS,방탄소년단
Something Just Like This,Something Just Like This,"The Chainsmokers, Coldplay"
행복 (Full Of Happiness),Wolf & Sheep,H.O.T
MIC Drop,LOVE YOURSELF 承 `Her`,방탄소년단
Tell Me,TOP SEED,인피니트 (Infinite)
남이 될 수 있을까,남이 될 수 있을까,"볼빨간 사춘기, 스무살"
봉제선 (Feat. 수란),봉제선,다이나믹 듀오 (Dynamic Duo)
Youth,Youth,Troye Sivan
I Want You,`The Story of Light` EP.2 - The 6th Album,샤이니 (SHINee)
The Feeling,The Feeling,비투비 (BTOB)
Forever Young,SQUARE UP,BLACKPINK
뚜두뚜두 (DDU-DU DDU-DU),SQUARE UP,BLACKPINK
FAKE LOVE (Rocking Vibe Mix),FAKE LOVE (Rocking Vibe Mix),방탄소년단
11 (Prod. 다이나믹듀오),1÷χ=1 (UNDIVIDED),Wanna One (워너원) - 남바완
영원+1 (Prod. NELL),1÷χ=1 (UNDIVIDED),Wanna One (워너원) - 린온미
모래시계 (Prod. 헤이즈),1÷χ=1 (UNDIVIDED),Wanna One (워너원) - 더힐
캥거루 (Kangaroo) (Prod. ZICO),1÷χ=1 (UNDIVIDED),Wanna One (워너원) - 트리플포지션
켜줘 (Light),1÷χ=1 (UNDIVIDED),Wanna One (워너원)
안녕 (You & I),`The Story of Light` EP.1 - The 6th Album,샤이니 (SHINee)
All Day All Night,`The Story of Light` EP.1 - The 6th Album,샤이니 (SHINee)
영원히,영원히,성시경
이 밤의 끝,이 밤의 끝,펀치 (Punch)
"다시, 우리","다시, 우리",길구봉구
LOVE YA!,24 : How to find true love and happiness,혁오 (hyukoh)
데리러 가 (Good Evening),`The Story of Light` EP.1 - The 6th Album,샤이니 (SHINee)
빙글뱅글 (Bingle Bangle),BINGLE BANGLE,AOA
Lullaby,더 콜(The Call) 두 번째 프로젝트,"신승훈, 비와이(BewhY)"
SELFISH (Feat. 슬기 Of Red Velvet),SELFISH,문별
Clip,Red Diary Page.2,볼빨간사춘기
"안녕, 곰인형",Red Diary Page.2,볼빨간사춘기
야경,Red Diary Page.2,볼빨간사춘기
Lonely,Red Diary Page.2,볼빨간사춘기
바람사람,Red Diary Page.2,볼빨간사춘기
여행,Red Diary Page.2,볼빨간사춘기
열애중,RECIPE,벤 (Ben)
Outro : Tear,LOVE YOURSELF 轉 `Tear`,방탄소년단
Additional,Additional,폴킴
Intro : Singularity,LOVE YOURSELF 轉 `Tear`,방탄소년단
Fly Away,더 콜(The Call) 첫 번째 프로젝트,"신승훈, 에일리"
So What,LOVE YOURSELF 轉 `Tear`,방탄소년단
Airplane pt.2,LOVE YOURSELF 轉 `Tear`,방탄소년단
Anpanman,LOVE YOURSELF 轉 `Tear`,방탄소년단
Magic Shop,LOVE YOURSELF 轉 `Tear`,방탄소년단
Love Maze,LOVE YOURSELF 轉 `Tear`,방탄소년단
낙원,LOVE YOURSELF 轉 `Tear`,방탄소년단
134340,LOVE YOURSELF 轉 `Tear`,방탄소년단
전하지 못한 진심 (Feat. Steve Aoki),LOVE YOURSELF 轉 `Tear`,방탄소년단
FAKE LOVE,LOVE YOURSELF 轉 `Tear`,방탄소년단
우리 서로,우리 서로,김나영
너란 별,The 4th Album Part.2. #1 Will be a start,케이윌 (K.Will)
그대들은 어떤 기분이신가요,제련해도,빈첸 (VINXEN)
SINKING DOWN WITH U,제련해도,빈첸 (VINXEN)
무슨 말이 필요해 (Go Away),YONG JUN HYUNG 1ST ALBUM `GOODBYE 20`s`,용준형
LATATA,I am,(여자)아이들
우리 둘만 아는,우리 둘만 아는,윤건
뒤집어버려,뒤집어버려,"박재범,사이먼 도미닉,로꼬,그레이(GRAY)"
빛나리,Positive,펜타곤 (PENTAGON)
"My Paradise (Feat. 청하, VINXEN)",My Paradise,GroovyRoom (그루비룸)
잊을만하면,잊을만하면,크러쉬 (CRUSH)
밤 (Time for the moon night),여자친구 The 6th Mini Album `Time for the moon night`,여자친구 (GFRIEND)
별 시 (別 時),별 시 (別 時),박효신
"Graduation (Feat. 이병재 (VINXEN), 이로한 (WEBSTER B))",고등래퍼2 Winner,김하온 (HAON)
달리 (Dally) (Feat. GRAY),달리 (Dally),효린
"별, 그대 (The Only Star)",Be Myself,황치열
그날의 너,Lovelyz 4th Mini Album 治癒 (치유),러블리즈
욕심,욕심,멜로망스(MeloMance)
어른,나의 아저씨 OST Part 2,Sondia
"YAHO (Feat. 지구인, 행주) (Prod. Jangsoo, Padi)",고등래퍼2 Final,윤진영 (Clloud)
부를게,NEW MOON,JBJ
주지마,건반 위의 하이에나 Part.4,"로꼬, 화사"
#결별,#결별,"길구봉구, 박보람"
향 (Scentist),EAU DE VIXX,빅스 (VIXX)
EASY (Feat. 식케이),magnolia,휘인
휴일 (Lazy),Blooming Days - The 2nd Mini Album,EXO-CBX (첸백시)
Thursday,Blooming Days - The 2nd Mini Album,EXO-CBX (첸백시)
솔직히 (Honestly…),Honestly,에릭남
Vroom Vroom,Blooming Days - The 2nd Mini Album,EXO-CBX (첸백시)
Monday Blues,Blooming Days - The 2nd Mini Album,EXO-CBX (첸백시)
너에게 꽃이다,너에게 꽃이다,40 (포티)
내일 만나 (Sweet Dreams!),Blooming Days - The 2nd Mini Album,EXO-CBX (첸백시)
Why Why Why,라이브 OST Part.4,펀치 (Punch)
"이로한 (Feat. ELO, Jessi) (Prod. Padi)",고등래퍼2 Final,배연서 (WEBSTER B)
Playdate,Blooming Days - The 2nd Mini Album,EXO-CBX (첸백시)
전혀 (Feat. 우원재) (Prod. GroovyRoom),고등래퍼2 Final,이병재 (Vinxen)
Stand By Your Man,French Touch,Carla Bruni
Trivia 起 : Just Dance,LOVE YOURSELF 結 `Answer`,방탄소년단
Epiphany,LOVE YOURSELF 結 `Answer`,방탄소년단
Answer : Love Myself,LOVE YOURSELF 結 `Answer`,방탄소년단
I`m Fine,LOVE YOURSELF 結 `Answer`,방탄소년단
Rumor,PRODUCE 48 - 30 Girls 6 Concepts,국.슈 (국프의 핫이슈)
Euphoria,LOVE YOURSELF 結 `Answer`,방탄소년단
IDOL,LOVE YOURSELF 結 `Answer`,방탄소년단
매트리스,4.1,10cm
BAE,BAE,효린
Attention,Attention,Charlie Puth
이방인,미스터 션샤인 OST Part 8,박원
A-TEEN,A-TEEN Part 3,세븐틴
한(一),한(一),(여자)아이들
Mosquito,Summer Magic - Summer Mini Album,레드벨벳(Red Velvet)
Hit That Drum,Summer Magic - Summer Mini Album,레드벨벳(Red Velvet)
Mr. E,Summer Magic - Summer Mini Album,레드벨벳(Red Velvet)
Page 0,Page 0,"태연 (TAEYEON), 멜로망스(Melomance)"
Blue Lemonade,Summer Magic - Summer Mini Album,레드벨벳(Red Velvet)
휴가,휴가,폴킴
태양 (Feat. 챈슬러),태양,개리 (Gary)
좋은 날,미스터 션샤인 OST Part 5,멜로망스(MeloMance)
한 여름의 크리스마스 (With You),Summer Magic - Summer Mini Album,레드벨벳(Red Velvet)
Power Up,Summer Magic - Summer Mini Album,레드벨벳(Red Velvet)
flex (Prod. By 기리보이),Dingo X Indigo Music,"기리보이,Kid Milli,NO:EL,스윙스(Swings)"
소리,미스터 션샤인 OST Part 4,이수현
비가 내리면,비가 내리면,비투비-블루
죽겠다 (KILLING ME),NEW KIDS : CONTINUE,iKON
SoulMate (Feat. 아이유),SoulMate,지코 (ZICO)
여보세요,여보세요,뉴이스트 (NU`EST)
"20 Something (PROD. 정동환, 정세운)",ANOTHER,정세운
WHERE R U FROM (Feat. MINO),THE GREAT SEUNGRI,승리
바다보러갈래 (SEE SEA),바다보러갈래 (SEE SEA),효린
Me No Jay Park,Me No Jay Park,사이먼 도미닉 (Simon Dominic)
나에게로 와,5TH MINI ALBUM `YOU MAKE MY DAY`,세븐틴
여름밤의 꿈 (Midnight Summer Dream),RED MOON,마마무 (Mamamoo)
우리의 새벽은 낮보다 뜨겁다,5TH MINI ALBUM `YOU MAKE MY DAY`,세븐틴
Holiday,5TH MINI ALBUM `YOU MAKE MY DAY`,세븐틴
6 o`clock,Red Diary `Hidden Track`,볼빨간 사춘기
"셋 셀테니 (1, 2, 3!)",THE GREAT SEUNGRI,승리
여름여름해 (Sunny Summer),Summer Mini Album `Sunny Summer`,여자친구 (GFRIEND)
어쩌나,5TH MINI ALBUM `YOU MAKE MY DAY`,세븐틴
Love U,Blooming Blue,청하
너나 해 (Egotistic),RED MOON,마마무 (Mamamoo)
그해 여름,그해 여름,"양다일, 웬디 (WENDY)"
Chandelier,Chandelier,Sia
Cereal (Feat. ZICO),wonderlost,크러쉬 (CRUSH)
CHILLAX,Summer Nights,TWICE
지각,Group,장덕철
마치 우린 없었던 사이 (Prod. 정키),마치 우린 없었던 사이 (Prod. 정키),다비치
그 날 (Original Ver.),미스터 션샤인 OST Part 1,박효신
Way Back Home,Take,숀 (SHAUN)
장마,장마,마마무 (Mamamoo)
동화,The Fairy Tale,멜로망스 (MeloMance)
1도 없어,ONE & SIX,에이핑크 (Apink)
Dance The Night Away,Summer Nights,TWICE
Lock You Down (Special Track),`The Story of Light` EP.3 - The 6th Album,샤이니 (SHINee)
Shadow,"WHO, YOU",뉴이스트 W
중력달 (Gravity&Moon),"WHO, YOU",뉴이스트 W
ylenoL,"WHO, YOU",뉴이스트 W
Signal,"WHO, YOU",뉴이스트 W
그대만 보여서,김비서가 왜 그럴까 OST Part.5,김나영
북극성 (Polaris),"WHO, YOU",뉴이스트 W
네가 남겨둔 말 (Our Page),`The Story of Light` EP.3 - The 6th Album,샤이니 (SHINee)
BAAM,Fun to The World,모모랜드 (MOMOLAND)
Dejavu,"WHO, YOU",뉴이스트 W
"1, 2, 3",THIS IS US,"서은광, 이창섭, 임현식, 육성재"
정진철,DARKROOM : roommates only,사이먼 도미닉 (Simon Dominic)
Yeah,THIS IS US,비투비 (BTOB)
길에서,리플리 Vol.1,양요섭
Circus,Something New - The 3rd Mini Album,태연 (TAEYEON)
귀가본능 (Feat. JINBO the superfreak),DARKROOM : roommates only,사이먼 도미닉 (Simon Dominic)
불행 (Feat. 빈첸 (VINXEN)),불행,오반 (OVAN)
Call me,THIS IS US,비투비 (BTOB)
저녁의 이유 (All Night Long) (Feat. LUCAS of NCT),Something New - The 3rd Mini Album,태연 (TAEYEON)
Blue Moon,THIS IS US,비투비 (BTOB)
Something New,Something New - The 3rd Mini Album,태연 (TAEYEON)
너 없인 안 된다,THIS IS US,비투비 (BTOB)
LOVE,너도 인간이니? OST Part 2,"린(LYn),한해"
See U Later,SQUARE UP,BLACKPINK
질투나,더 콜(The Call) 세 번째 프로젝트,"거미, 에일리"
Really,SQUARE UP,BLACKPINK
오늘은 가지마,To Love Somebody,임세준
사랑비,1집 T-Virus,김태우
"혼자, 한잔",戀書(연서),허각
노래가 늘었어,노래가 늘었어,에일리 (Ailee)
비밀번호 486,고백하기 좋은 날,윤하
보여줄게,Invitation,에일리 (Ailee)
Endless,소품집 (해룡이의 Sad Love Story),플라워 (Flower)
"눈, 코, 입",RISE,태양
...사랑했잖아,Can U See The Bright,린 (LYn)
그립고 그립고 그립다,그립고 그립고 그립다,케이윌 (K.will)
취하고 싶다 (Prod. By 전태익),취하고 싶다,황인욱
그대를 사랑하는 10가지 이유,인사,이석훈
서울의 달,Be Like...,김건모
애상,윤일상 작곡가 21주년 기념 앨범 I`m 21,10cm
오래된 노래,Shine,스탠딩 에그(Standing Egg)
사랑했지만,5집 Classic,김광석
끝사랑,7집 Solista Part 2,김범수
꿈에,박정현 Op.4,박정현
사랑했었다 (Still love you),FNC LAB `사랑했었다 (Still love you)`,"이홍기, 유회승"
홍연,안예은,안예은
사랑합니다,First 영민,팀 (Tim)
사랑의 배터리,사랑의 배터리,홍진영
미인 (美人),Para Ti,이기찬
그녀를 사랑해줘요,1집 Stand Alone,하동균
"범퍼카 (Feat. NO:EL, Young B)",범퍼카,한요한
고백,보고싶었어요,정준일
꽃피는 봄이 오면,Soul Food,BMK
헤어지는 중입니다,소리 위를 걷다,이은미
봄봄봄,봄봄봄,로이킴
Officially Missing You,Officially Missing You,긱스 (Geeks)
서쪽 하늘,슈퍼스타K3 TOP 11 Part 5,울랄라세션
내가 너의 곁에 잠시 살았다는 걸,Youheeyeol,"토이 (Toy), 김연우"
불장난,SQUARE TWO,BLACKPINK
기다릴게,공주의 남자 OST Part 3,"하동균, 이정"
정류장,슈퍼스타K3 TOP 11 Part 3,버스커 버스커 (Busker Busker)
기다리다,Love Drive,윤하
널 사랑하지 않아,스틸,어반 자카파 (Urban Zakapa)
너를 위해,Story Of Two Years,임재범
듣는편지,듣는편지,40 (포티)
입술의 말,UNVEILING,엠씨더맥스 (M.C The Max)
애인... 있어요,6집 Ma Non Tanto,이은미
이별택시,연인,김연우
시간을 거슬러,해를 품은 달 OST Part 2,린 (LYn)
남자를 몰라,Perfect,버즈 (Buzz)
캔디 (Candy),We Hate All Kinds Of Violence,H.O.T
첫 눈,도깨비 OST Part 8,정준일
Let It Go,Frozen OST,Idina Menzel
친구라도 될 걸 그랬어,Like Them,거미
잠시만 안녕 (Original),M.C The Max!,엠씨더맥스 (M.C The Max)
바라보기,미녀의 탄생 OST PART 4,엠씨더맥스 (M.C The Max)
감사,Thanks (감사),김동률
광화문에서 (At Gwanghwamun),The 1st Mini Album `광화문에서 (At Gwanghwamun)`,규현 (KYUHYUN)
1월부터 6월까지,행보 2013 윤종신,윤종신
이미 슬픈 사랑,Wear To Healing YADA,야다 (Yada)
잊지 말아요,아이리스 OST Part 1,백지영
나를 사랑했던 사람아,Lacrimoso,허각
천년의 사랑,천년지애 (千年之愛),박완규
나비잠 (Sweet Dream),나비잠 (Sweet Dream),"희철, 민경훈"
"노땡큐 (Feat. MINO, 사이먼 도미닉, 더콰이엇)",WE`VE DONE SOMETHING WONDERFUL,에픽하이 (EPIK HIGH)
8282,Davichi In Wonderland,다비치
형 (兄),4집 환골탈태 (換骨奪胎),노라조
삭제,나방의 꿈,이승기
죽일 놈 (Guilty),5집 Band Of Dynamic Brothers,다이나믹 듀오 (Dynamic Duo)
가족사진,오늘,김진호
사랑을 했다 (LOVE SCENARIO),Return,iKON
flex (Prod. By 기리보이),Dingo X Indigo Music,"기리보이, Kid Milli, NO:EL, 스윙스 (Swings)"
"No Brainer (Feat. Justin Bieber, Chance the Rapper & Quavo)",No Brainer,DJ Khaled
EX,Selfless,Kiana Lede
#첫사랑,#첫사랑,볼빨간사춘기
The Middle,The Middle,"Zedd, Grey, Maren Morris"
Idontwannabeyouanymore,Dont Smile At Me (New Final EP),Billie Eilish
좋았을걸,슬기로운 감빵생활 OST Part 5,헤이즈 (Heize)
How Long,Voicenotes,Charlie Puth
잘가라,잘가라,홍진영
바보에게 바보가,바보에게 바보가,지아 (Zia)
자격지심 (Feat. 은하 of 여자친구),자격지심,박경
아마도 그건,투유 프로젝트 - 슈가맨 Part 3,"크러쉬 (CRUSH), 로꼬(LOCO)"
Despacito,Despacito,제이플라 (J.Fla)
This Christmas,This Christmas  Winter is Coming,태연 (TAEYEON)
Best Of Me,LOVE YOURSELF 承 `Her`,방탄소년단
24K Magic,24K Magic,Bruno Mars
Stay,The Middle,"Zedd, Alessia Cara"
iffy (Prod. GroovyRoom),Dingo X H1GHR MUSIC,"Sik-K (식케이), pH-1, 박재범"
Never Be The Same,Camila,Camila Cabello
"무제(無題) (Untitled, 2014)",권지용,G-Dragon
Bad,Bad,Christopher
One Kiss,One Kiss,"Calvin Harris, Dua Lipa"
WHERE YOU AT,"W, HERE",뉴이스트 W
Selfmade Orange (Feat. SUPERBEE),닿는 순간,창모 (CHANGMO)
Girls Like You (Feat. Cardi B),Red Pill Blues (Deluxe),Maroon 5
FRIENDS,Speak Your Mind (Deluxe),"Marshmello, Anne-Marie"
Black Swan,MAP OF THE SOUL : 7,방탄소년단
아무노래 ,아무노래 ,지코 (ZICO)
"다시 난, 여기",사랑의 불시착 OST Part 4,백예린
너를 사랑하고 있어,낭만닥터 김사부 2 OST Part.1,백현 (BAEKHYUN)
Psycho,`The ReVe Festival` Finale,레드벨벳(Red Velvet)
"다시는 사랑하지 않고, 이별에 아파하기 싫어","다시는 사랑하지 않고, 이별에 아파하기 싫어",백지영
Square (2017),Every letter I sent you.,백예린
첫 겨울이니까,첫 겨울이니까,"성시경, 아이유 (IU)"
십이월 이십오일의 고백,십이월 이십오일의 고백,정승환
"아마두 (Feat. 우원재, 김효은, 넉살, Huckleberry P)",Dingo X DAMOIM (Part 2),"염따, 딥플로우, 팔로알토 (Paloalto), The Quiett, 사이먼 도미닉"
나의 오랜 연인에게,나의 오랜 연인에게,다비치
헤어진 우리가 지켜야 할 것들,헤어진 우리가 지켜야 할 것들,"김나영, 양다일"
METEOR,Boyhood,창모 (CHANGMO)
빌었어,Boyhood,창모 (CHANGMO)
Obsession,OBSESSION - The 6th Album,EXO
날 보러 와요 (Come See Me),NEW MOON,AOA
Blueming,Love poem,아이유 (IU)
시간의 바깥,Love poem,아이유 (IU)
unlucky,Love poem,아이유 (IU)
그 사람,Love poem,아이유 (IU)
자장가,Love poem,아이유 (IU)
숨겨진 세상 (Into the Unknown End Credit Ver.) (겨울왕국 2),겨울왕국 2 (한국어 버전),태연 (TAEYEON)
Into the Unknown,Frozen 2 (겨울왕국 2 OST),"Idina Menzel, AURORA"
Show Yourself,Frozen 2 (겨울왕국 2 OST),"Idina Menzel, Evan Rachel Wood"
HIP,reality in BLACK,마마무 (Mamamoo)
이 번호로 전화해줘,이 번호로 전화해줘,바이브 (Vibe)
차가워진 이 바람엔 우리가 써있어(Bad Love),차가워진 이 바람엔 우리가 써있어(Bad Love),HYNN(박혜원)
늦은 밤 너의 집 앞 골목길에서,늦은 밤 너의 집 앞 골목길에서,노을
5월의 밤,5월의 밤,자이언티(Zion.T)
Love poem,Love poem,아이유 (IU)
All I Want For Christmas Is You,Merry Christmas (Deluxe Anniversary Edition),Mariah Carey
이별주,이별주,황인욱
영화 속에 나오는 주인공처럼,동백꽃 필 무렵 OST Part.6,펀치 (Punch)
이별은 늘 그렇게 (Duet. 정은지),이별은 늘 그렇게,허각
불티 (Spark),Purpose - The 2nd Album,태연 (TAEYEON)
"인기 (Feat. 송가인, 챈슬러)",CHANNEL 8,MC몽
샤넬 (Feat. 박봄),CHANNEL 8,MC몽
LION,퀸덤 [FINAL 컴백 싱글],(여자)아이들
내 생애 가장 행복한 시간 Part.2 (Feat. 양다일),CHANNEL 8,MC몽
떨어지는 낙엽까지도,만추,헤이즈 (Heize)
새 사랑,새 사랑,송하예
있어줘요,있어줘요,장덕철
허전해,"정규 2집 `마음, 하나`",폴킴
이별행동,이별행동,이우
우리 어떻게 할까요,사랑하는 그대에게 - The 2nd Mini Album,첸 (CHEN)
"천둥벌거숭이 (Feat. Jvcki Wai, 염따)",THINKING Part 1,지코 (ZICO)
사람,THINKING Part 1,지코 (ZICO)
"어떻게 이별까지 사랑하겠어, 널 사랑하는 거지",항해,악동뮤지션 (AKMU)
달,항해,악동뮤지션 (AKMU)
조금 취했어 (Prod. 2soo),조금 취했어,임재현
Feel Special,Feel Special,TWICE
Memories,Memories,Maroon 5
가끔 이러다,가끔 이러다,펀치 (Punch)
워커홀릭,Two Five,볼빨간사춘기
XX,Two Five,볼빨간사춘기
25,Two Five,볼빨간사춘기
사랑이란 멜로는 없어,사랑이란 멜로는 없어,전상근
가을밤 떠난 너,Rewind,케이시 (Kassy)
헤어지자 (Prod. 정키),soar,휘인
다시 만날까 봐,다시 만날까 봐,V.O.S
나빠(NAPPA),나빠(NAPPA),크러쉬 (CRUSH)
날라리 (LALALAY),날라리 (LALALAY),선미
FLASH,비상 : QUANTUM LEAP,X1 (엑스원)
벗,벗,닐로 (Nilo)
"담아 (Feat. 염따, pH-1) (Prod. BOYCOLD)",쇼미더머니 8 Episode 1,"스윙스(Swings), Kid Milli, 매드 클라운"
흔들리는 꽃들 속에서 네 샴푸향이 느껴진거야,멜로가 체질 OST Part 3,장범준
음파음파 (Umpah Umpah),`The ReVe Festival` Day 2,레드벨벳(Red Velvet)
Done For Me,호텔 델루나 OST Part.12,펀치 (Punch)
Say Goodbye,호텔 델루나 OST Part.11,송하예
안녕,호텔 델루나 OST Part.10,폴킴
내 목소리 들리니,호텔 델루나 OST Part.9,벤 (Ben)
방에 모기가 있어 (Do You Think Of Me?),방에 모기가 있어 (4.4),10cm
BUNGEE (Fall in Love),OH MY GIRL SUMMER PACKAGE (FALL IN LOVE),오마이걸 (OH MY GIRL)
기억해줘요 내 모든 날과 그때를,호텔 델루나 OST Part.7,거미
그 끝에 그대,호텔 델루나 OST Part.6,청하
ICY,IT`z ICY,ITZY (있지)
내 맘을 볼 수 있나요,호텔 델루나 OST Part.5,헤이즈 (Heize)
너만 너만 너만,호텔 델루나 OST Part.4,양다일
가라사대,The Movie Star,비와이(BewhY)
그대라는 시,호텔 델루나 OST Part.3,태연 (TAEYEON)
나의 어깨에 기대어요,호텔 델루나 OST Part.2,10cm
내 안부,내 안부,이우
Another Day,호텔 델루나 OST Part.1,"먼데이 키즈 (Monday Kiz), 펀치 (Punch)"
비오는 날 뭐해,비오는 날 뭐해,하은 (라코스테남)
헤어질 걸 알아,헤어질 걸 알아,폴킴
UN Village,City Lights - The 1st Mini Album,백현 (BAEKHYUN)
인사,인사,멜로망스(MeloMance)
We don`t talk together (Feat. 기리보이) (Prod. SUGA),We don`t talk together,헤이즈 (Heize)
U GOT IT,PRODUCE X 101 - 31 Boys 5 Concepts,갓츄 (GOT U)
헤어져줘서 고마워,헤어져줘서 고마워,벤 (Ben)
비가 내리는 날에는,STABLE MINDSET,윤하
괜찮아도 괜찮아 (That`s okay),괜찮아도 괜찮아 (That`s okay) - SM STATION,디오 (D.O.)
열대야 (Fever),The 7th Mini Album `FEVER SEASON`,여자친구 (GFRIEND)
비워 (Beer) (Prod. Way Ched),Dingo X Ambition Musik,"CHANGMO, Hash Swan, ASH ISLAND, 김효은, Leellamarz & The Quiett"
Uh-Oh,Uh-Oh,(여자)아이들
Snapping,Flourishing,청하
Senorita,Senorita,"Shawn Mendes, Camila Cabello"
포장마차,포장마차,황인욱
짐살라빔 (Zimzalabim),`The ReVe Festival` Day 1,레드벨벳(Red Velvet)
술이 문제야,술이 문제야,"장혜진, 윤민수"
Honesty,Volume 1 EP,Pink Sweat$
서울 밤 (Feat. 빈지노),서울 밤,어반 자카파 (Urban Zakapa)
BIRTHDAY,BIRTHDAY,전소미
"아퍼 (Feat. Kid Milli, Lil tachi, 김승민, NO:EL, C JAMM)",100년제전문대학,기리보이(Giriboy)
오늘도 빛나는 너에게 (To You My Light) (Feat.이라온),Red Moon : To You My Light,마크툽 (Maktub)
솔직하게 말해서 나,솔직하게 말해서 나,김나영
BAND,BAND,"창모, Hash Swan, ASH ISLAND, 김효은"
누구 없소 (NO ONE) (Feat. B.I of iKON),24℃,이하이
대충 입고 나와,대충 입고 나와,우디(Woody)
사랑이 식었다고 말해도 돼,사랑이 식었다고 말해도 돼,먼데이 키즈 (Monday Kiz)
Speechless (Full),Aladdin (Original Motion Picture Soundtrack),Naomi Scott
A Whole New World,Aladdin (Original Motion Picture Soundtrack),"Mena Massoud, Naomi Scott"
Arabian Nights (2019),Aladdin (Original Motion Picture Soundtrack),Will Smith
Prince Ali,Aladdin (Original Motion Picture Soundtrack),Will Smith
교통정리 (Feat. 헤이즈),교통정리,기리보이(Giriboy)
안녕하세요,Another,김재환
너에게 못했던 내 마지막 말은,너에게 못했던 내 마지막 말은,다비치
비가 오잖아,비가 오잖아,"소유 (SOYOU), 오반"
AH YEAH (아예),WE,WINNER
오월의 어느 봄날 (Feat. 첸(CHEN)),오월의 어느 봄날,임한별
니 소식,니 소식,송하예
I Don`t Care,I Don`t Care,"Ed Sheeran, Justin Bieber"
돈 Call Me (Prod. BRLLNT),Dingo X 염따,염따 (YumDDa)
다섯 번째 계절 (SSFWL),THE FIFTH SEASON,오마이걸 (OH MY GIRL)
Goodbye,Goodbye,박효신
If I Can`t Have You,If I Can`t Have You,Shawn Mendes
이 밤,skepticism,양다일
FANCY,FANCY YOU,TWICE
"GO HIGH (Feat. 우원재, 창모 (CHANGMO), The Quiett) (Prod. CODE KUNST)",고등래퍼3 Final,이영지
작은 것들을 위한 시 (Boy With Luv) (Feat. Halsey),MAP OF THE SOUL : PERSONA,방탄소년단
소우주 (Mikrokosmos),MAP OF THE SOUL : PERSONA,방탄소년단
Make It Right,MAP OF THE SOUL : PERSONA,방탄소년단
Dionysus,MAP OF THE SOUL : PERSONA,방탄소년단
HOME,MAP OF THE SOUL : PERSONA,방탄소년단
Jamais Vu,MAP OF THE SOUL : PERSONA,방탄소년단
Intro : Persona,MAP OF THE SOUL : PERSONA,방탄소년단
있어줄래,있어줄래,길구봉구
Kill This Love,KILL THIS LOVE,BLACKPINK
Don`t Know What To Do,KILL THIS LOVE,BLACKPINK
"나만, 봄",사춘기집Ⅰ 꽃기운,볼빨간사춘기
별 보러 갈래?,사춘기집Ⅰ 꽃기운,볼빨간사춘기
Mermaid,사춘기집Ⅰ 꽃기운,볼빨간사춘기
나들이 갈까,사춘기집Ⅰ 꽃기운,볼빨간사춘기
사월이 지나면 우리 헤어져요 (Beautiful goodbye),"사월, 그리고 꽃 - The 1st Mini Album",첸 (CHEN)
비올레타,HEART*IZ,IZ*ONE (아이즈원)
시든 꽃에 물을 주듯,시든 꽃에 물을 주듯,HYNN(박혜원)
bad guy,"WHEN WE ALL FALL ASLEEP, WHERE DO WE GO?",Billie Eilish
진심이 담긴 노래 (True Song),진심이 담긴 노래 (True Song),케이시 (Kassy)
사계 (Four Seasons),사계 (Four Seasons),태연 (TAEYEON)
Blue,사계 (Four Seasons),태연 (TAEYEON)
On My Way,On My Way,"Alan Walker, Sabrina Carpenter, Farruko"
노래방에서,장범준 3집,장범준
당신과는 천천히,장범준 3집,장범준
일산으로,장범준 3집,장범준
SHE`S FINE,She`s Fine,헤이즈 (Heize)
그러니까 (Feat. Colde),She`s Fine,헤이즈 (Heize)
그건 아마 우리의 잘못은 아닐 거야,Our love is great,백예린
야간비행 (魔女の花),Our love is great,백예린
혼자,혼자,거미
눈 (Prod. GIRIBOY),고등래퍼3 팀대항전 Part 1,"강현준 (Lil tachi), 김호진 (HOTCHKISS)"
고고베베 (gogobebe),White Wind,마마무 (Mamamoo)
주저하는 연인들을 위해,전설,잔나비
봄 (Feat. 산다라박),Spring,박봄
술이 달다 (Feat. 크러쉬),sleepless in __________,에픽하이 (EPIK HIGH)
호불호 (Feat. 기리보이) (Prod. By GRAY),호불호,우원재
오늘 밤에,Lots of Love,홍진영
그러나,4,10cm
여자친구,여자친구,하은요셉
wish you were gay,wish you were gay,Billie Eilish
누아르 (Noir),누아르 (Noir),선미
Sucker,Sucker,Jonas Brothers
사랑해서 그래,강민경 1집,강민경
Senorita,I made,(여자)아이들
"미운 날 (The day, I hate myself)",29,닐로 (Nilo)
멍청이(twit),멍청이(twit),화사(Hwa Sa)
달라달라,IT`z Different,ITZY (있지)
Talk,Talk,"Khalid, Disclosure"
오랜만이야 (Feat. Zion.T),HELLO,로꼬 (LOCO)
i`m so tired...,i`m so tired...,"Lauv, Troye Sivan"
이 노래가 클럽에서 나온다면,이 노래가 클럽에서 나온다면,우디(Woody)
Heu ! (Full Ver.),Heu ! (Full Ver.),수퍼비
신청곡 (Feat. SUGA of BTS),신청곡,이소라
Home,6TH MINI ALBUM `YOU MADE MY DAWN`,세븐틴
7 rings,7 rings,Ariana Grande
초록빛,초록빛,폴킴
해야 (Sunrise),The 2nd Album `Time for us`,여자친구 (GFRIEND)
띵 (Prod. By 기리보이),Dingo X Indigo Music,"Jvcki Wai, Young B, Osshun Gum, 한요한"
Dancing With A Stranger,Dancing With A Stranger,"Sam Smith, Normani"
"길 (Song by 아이유, 헨리, 조현아, 양다일)",THEN & NOW,god
%%(응응),PERCENT,에이핑크 (Apink)
넘쳐흘러,Circular,엠씨더맥스 (M.C The Max)
벌써 12시,벌써 12시,청하
옥탑방,FLY HIGH PROJECT #2 `옥탑방`,엔플라잉 (N.Flying)
사계 (하루살이),Circular,엠씨더맥스 (M.C The Max)
습관 (Bad Habits),안녕,숀 (SHAUN)
그때가 좋았어,그때가 좋았어,케이시 (Kassy)
알았다면,알았다면,장덕철
MILLIONS,MILLIONS,WINNER
사랑 알 수 없나봐,WHY : 당신이 연인에게 차인 진짜 이유 OST - Part.3,폴킴
첫눈에,첫눈에,헤이즈 (Heize)
Sunflower (Spider-Man : Into The Spider-Verse),스파이더맨 : 뉴 유니버스 OST (Spider-Man : Into The Spider-Verse OST),Post Malone & Swae Lee
Love Shot,LOVE SHOT - The 5th Album Repackage,EXO
We all lie,SKY 캐슬 OST Part.4,하진
180도,180˚,벤 (Ben)
동화 (Feat. 아이유),동화,김동률
행복,행복,오반 (OVAN)
RBB (Really Bad Boy),RBB - The 5th Mini Album,레드벨벳(Red Velvet)
너도 그냥 날 놓아주면 돼,너도 그냥 날 놓아주면 돼,윤건
Wind flower,BLUE;S,마마무 (Mamamoo)
흔한 이별,흔한 이별,허각
첫눈처럼 너에게 가겠다 (Prod. 로코베리),첫눈처럼 너에게 가겠다,김범수
아낙네,XX,송민호
come out and play,come out and play,Billie Eilish
알러뷰,알러뷰,EXID
그대가 내 안에 박혔다,그대가 내 안에 박혔다,황치열
봄바람,1¹¹=1 (POWER OF DESTINY),Wanna One (워너원)
SOLO,SOLO,제니 (JENNIE)
아름답고도 아프구나,HOUR MOMENT,비투비 (BTOB)
북향 (Feat. 오혁),북향,다이나믹 듀오 (Dynamic Duo)
소년점프 (Feat. 배기성),소년점프,마미손
신용재,신용재,하은 (라코스테남)
Goodbye,뷰티 인사이드 OST Part.6,웬디
YES or YES,YES or YES,TWICE
너는 어땠을까,별,노을
"thank u, next","thank u, next",Ariana Grande
POP/STARS,POP/STARS,"(여자)아이들, Madison Beer, Jaira Burns"
수퍼비와 (Feat. BewhY) (Prod. BewhY),쇼미더머니 777 Semi Final,SUPERBEE
NoNo (Feat. 사이먼 도미닉) (Prod. 코드 쿤스트),쇼미더머니 777 Semi Final,루피(Loopy)
Tempo,DON`T MESS UP MY TEMPO - The 5th Album,EXO
Gravity,DON`T MESS UP MY TEMPO - The 5th Album,EXO
닿은 순간 (Ooh La La La),DON`T MESS UP MY TEMPO - The 5th Album,EXO
44036,DON`T MESS UP MY TEMPO - The 5th Album,EXO
Sign,DON`T MESS UP MY TEMPO - The 5th Album,EXO
여기 있을게 (Smile On My Face),DON`T MESS UP MY TEMPO - The 5th Album,EXO
너를 만나,너를 만나,폴킴
라비앙로즈 (La Vie en Rose),COLOR*IZ,IZ*ONE (아이즈원)
Waste It On Me (Feat. BTS (방탄소년단)),Waste It On Me,Steve Aoki
내 생에 아름다운,뷰티 인사이드 OST Part.4,케이윌 (K.Will)
Friend,Friend,비투비 (BTOB)
Save (Feat. 팔로알토) (Prod. 코드 쿤스트),쇼미더머니 777 Episode 3,루피(Loopy)
Bohemian Rhapsody,영화 보헤미안 랩소디 OST (Bohemian Rhapsody OST),Queen
Kiss And Make Up,Dua Lipa (Complete Edition),"Dua Lipa, BLACKPINK"
친구로 지내자면서 (Prod. By 전태익),친구로 지내자면서,황인욱
꿈처럼 내린,뷰티 인사이드 OST Part.3,다비치
벚꽃연가,백일의 낭군님 OST Part 3,첸 (CHEN)
고백,고백,양다일
멋지게 인사하는 법 (Feat. 슬기 of Red Velvet),ZZZ,자이언티(Zion.T)
Hate You (Feat. 우원재) (Prod. 코드 쿤스트),쇼미더머니 777 Episode 2,pH-1
너에게,연애플레이리스트3 Part 2,김민석
삐삐,삐삐,아이유 (IU)
Paris In The Rain,I met you when I was 18. (the playlist),Lauv
시간이 들겠지 (Feat. Colde),시간이 들겠지,로꼬 (LOCO)
I Like Me Better,I met you when I was 18. (the playlist),Lauv
Good Day (Feat. 팔로알토) (Prod. 코드 쿤스트),쇼미더머니 777 Episode 1,"pH-1, Kid Milli, 루피 (Loopy)"
사임사임 (Feat. CHANGMO),쇼미더머니 777 Episode 1,"Coogie, SUPERBEE, D.Ark"
Shallow,영화 스타 이즈 본 OST (A Star Is Born OST),"Lady Gaga, Bradley Cooper"
Without Me,Without Me,Halsey
이별길 (GOODBYE ROAD),NEW KIDS : THE FINAL,iKON
나,r,박원
구름,뷰티 인사이드 OST Part 1,로시 (Rothy)
comethru,"summer,",Jeremy Zucker
사랑에 연습이 있었다면 (Prod. 2soo),사랑에 연습이 있었다면,임재현
동화,The Fairy Tale,멜로망스(MeloMance)
Better Now,beerbongs & bentleys,Post Malone
2002,Speak Your Mind (Deluxe),Anne-Marie
Day 1 ◑,Love Me / Love Me Not,HONNE
In My Blood,Shawn Mendes,Shawn Mendes
Done For Me,Done For Me,"Charlie Puth, Kehlani"
Psycho (Feat. Ty Dolla $ign),Psycho,Post Malone
Lullaby,Lullaby,"Sigala, Paloma Faith"
Never Enough,위대한 쇼맨 (The Greatest Showman) OST,Loren Allred
Martini Blue,Her,DPR LIVE
Lip & Hip,Lip & Hip,현아 (HyunA)
갈 수가 없어,이번 생은 처음이라 OST Part 8,벤 (Ben)
Rewrite The Stars,위대한 쇼맨 (The Greatest Showman) OST,"Zac Efron, Zendaya"
뻔한 이별,소유X성시경 `뻔한 이별`,"소유, 성시경"
Twilight,1-1=0 (NOTHING WITHOUT YOU),Wanna One (워너원)
Snowman,Snowman,Sia
러브스토리 (Feat. 크러쉬),러브스토리 (Love Story),수란 (SURAN)
박수,"SEVENTEEN 2ND ALBUM `TEEN, AGE`",세븐틴
Too Good At Goodbyes,The Thrill Of It All (Special Edition),Sam Smith
Palace,The Thrill Of It All (Special Edition),Sam Smith
"All Falls Down (Feat. Noah Cyrus, Digital Farm Animals)",Different World,Alan Walker
This Is Me,위대한 쇼맨 (The Greatest Showman) OST,"Keala Settle, The Greatest Showman Ensemble"
빈차 (Feat. 오혁),WE`VE DONE SOMETHING WONDERFUL,에픽하이 (EPIK HIGH)
헤어질 수 밖에,헤어질 수 밖에,김나영
가을 안부,가을 안부,먼데이 키즈 (Monday Kiz)
너를 찾아서,건반 위의 하이에나,윤종신
Perhaps Love (사랑인가요) (Prod. by 박근태),Your BGM Vol.1,"에릭남, 치즈 (CHEEZE)"
썸 탈꺼야,Red Diary Page.1,볼빨간사춘기
나의 사춘기에게,Red Diary Page.1,볼빨간사춘기
Blue,Red Diary Page.1,볼빨간사춘기
고쳐주세요,Red Diary Page.1,볼빨간사춘기
상상,Red Diary Page.1,볼빨간사춘기
길,정규 1집 Part 1 `길`,폴킴
잠 못 드는 밤 비는 내리고,꽃갈피 둘,아이유 (IU)
비밀의 화원,꽃갈피 둘,아이유 (IU)
매일 그대와,꽃갈피 둘,아이유 (IU)
특별해,ANOTHER LIGHT,젝스키스
The Spectre,The Spectre,Alan Walker
She (Hidden Track No.V 1월 선정곡),She (Hidden Track No.V 1월 선정곡),잔나비
베베 (BABE),Following,현아 (HyunA)
"Red Sun (Feat. ZICO, Swings)",쇼미더머니 6 Episode 4,행주
Look What You Made Me Do,Look What You Made Me Do,Taylor Swift
활활 (Burn It Up),1X1=1(TO BE ONE),Wanna One (워너원)
N분의 1 (Feat. 다이나믹듀오),쇼미더머니 6 Episode 1,"넉살, 한해, 조우찬, 라이노"
요즘것들 (Feat. ZICO & DEAN),쇼미더머니 6 Episode 1,"행주, 양홍원 (Young B), Hash Swan, 킬라그램(Killagramz)"
LOVE ME LOVE ME,OUR TWENTY FOR,WINNER
ISLAND,OUR TWENTY FOR,WINNER
Holiday,Holiday Night - The 6th Album,소녀시대
귀를 기울이면 (LOVE WHISPER),The 5th Mini Album <PARALLEL>,여자친구 (GFRIEND)
있다면,NU`EST W `있다면`,뉴이스트 W
있잖아,연애플레이리스트2 OST Part 2,폴킴
Sriracha,Sriracha,Marteen
DINOSAUR,SUMMER EPISODE,악동뮤지션 (AKMU)
Artist,TELEVISION,지코 (ZICO)
FANXY CHILD (Feat. FANXY CHILD),TELEVISION,지코 (ZICO)
Sorry Not Sorry,Tell Me You Love Me (Deluxe),Demi Lovato
아침에 (Feat. Bryn),아침에,양홍원 (Young B)
FIVE,Pink UP,에이핑크 (Apink)
나로 말할 것 같으면 (Yes I am),Purple,마마무 (Mamamoo)
"Feels (Feat. Pharrell Williams, Katy Perry & Big Sean)",Feels,Calvin Harris
Why Don`t You Know (Feat. 넉살),Hands on Me,청하
NEVER,PRODUCE 101 - 35 Boys 5 Concepts,국민의 아들
Oh Little Girl,PRODUCE 101 - 35 Boys 5 Concepts,슬레이트
New Rules,Dua Lipa (Deluxe),Dua Lipa
IDGAF,Dua Lipa (Deluxe),Dua Lipa
LONELY,LONELY,씨스타 (Sistar)
CALLING YOU,CALLING YOU,하이라이트(Highlight)
사랑앓이 (With 김나영),FTISLAND 10th Anniversary Special Digital Single,FTISLAND (FT 아일랜드)
There For You,There For You,"Martin Garrix, Troye Sivan"
지나쳐 (FEAT. DEAN),BLEACHED,로꼬 (LOCO)
울고 싶지 않아,SEVENTEEN 4th Mini Album ‘Al1’,세븐틴
혼자,혼자,어반 자카파 (Urban Zakapa)
처음부터 너와 나,군주 - 가면의 주인 OST Part 2,볼빨간사춘기
SIGNAL,SIGNAL,TWICE
맞지?,언니들의 슬램덩크 시즌 2,언니쓰
New Face,PSY 8th 4X2=8,싸이 (PSY)
I LUV IT,PSY 8th 4X2=8,싸이 (PSY)
미치고 싶다,한동근 1ST ALBUM ‘Your Diary’,한동근
"I`m The One (Feat. Justin Bieber, Quavo, Chance the Rapper, Lil Wayne)",I`m the One,DJ Khaled
아프지 마요,THE 20TH ANNIVERSARY,젝스키스
TOMBOY,23,혁오 (hyukoh)
이름에게,Palette,아이유 (IU)
이런 엔딩,Palette,아이유 (IU)
이 지금,Palette,아이유 (IU)
잼잼,Palette,아이유 (IU)
Shape Of You,Blossom,제이플라 (J.Fla)
Despacito (Remix),Despacito (Remix),"Luis Fonsi, Justin Bieber, Daddy Yankee"
BLUE MOON (Prod. GroovyRoom),BLUE MOON,"효린, 창모"
She`s a Baby,She`s a Baby,지코 (ZICO)
너란 봄 (Feat. 하림),공간,정은지
사랑이 잘 (With 오혁),사랑이 잘,아이유 (IU)
Make Me Love You,My Voice - The 1st Album Deluxe Edition,태연 (TAEYEON)
REALLY REALLY,FATE NUMBER FOR,WINNER
HUMBLE.,HUMBLE.,Kendrick Lamar
I`ll be yours,GIRL`S DAY EVERYDAY #5,걸스데이 (Girl`s Day)
얼굴 찌푸리지 말아요,CAN YOU FEEL IT?,하이라이트(Highlight)
Symphony (Feat. Zara Larsson),Symphony,Clean Bandit
나야 나 (PICK ME),PRODUCE 101 - 나야 나 (PICK ME),PRODUCE 101
부담이 돼 (Feat. 휘인 of 마마무),EMPTY,정키 (Jung Key)
MOVIE,Feel`eM,비투비 (BTOB)
FINGERTIP,The 4th Mini Album `THE AWAKENING`,여자친구 (GFRIEND)
Perfect,÷ (Deluxe),Ed Sheeran
Galway Girl,÷ (Deluxe),Ed Sheeran
Slide (Feat. Frank Ocean & Migos),Slide,Calvin Harris
Fine,My Voice - The 1st Album,태연 (TAEYEON)
오늘도 그대만 (Feat. 정동원),오늘도 그대만,타디스 프로젝트
Bellyache,Bellyache,Billie Eilish
KNOCK KNOCK,TWICEcoaster : LANE 2,TWICE
니가 보고싶은 밤,니가 보고싶은 밤,윤딴딴
좋아해 (bye),좋아해 (bye),CHEEZE
넘어와 (Feat. 백예린),limbo,DEAN
비가와 (Rain),비가와,"소유, 백현 (BAEKHYUN)"
Not Today,YOU NEVER WALK ALONE,방탄소년단
YESTERDAY,YESTERDAY,블락비 (Block B)
우리집을 못 찾겠군요 (Feat. 볼빨간사춘기),우리집을 못 찾겠군요,매드 클라운 (Mad Clown)
Beauty and the Beast (영화 미녀와 야수 삽입곡 (Beauty and the Beast OST)),영화 미녀와 야수 OST Deluxe Edition (Beauty and the Beast OST),"Ariana Grande, John Legend"
Rookie,Rookie - The 4th Mini Album,레드벨벳(Red Velvet)
노래,OO,자이언티(Zion.T)
Complex (Feat. G-DRAGON),OO,자이언티(Zion.T)
미안해 (Feat. Beenzino),OO,자이언티(Zion.T)
기다렸다 가,Mixxxture Project Vol.1,다이나믹 듀오 (Dynamic Duo) & 첸 (CHEN)
Round and round (Feat. 한수지),도깨비 OST Part 14,헤이즈 (Heize)
행복한 척,Yes? No?,수지
Paris,Memories...Do Not Open,The Chainsmokers
Despacito (Feat. Daddy Yankee),Despacito,Luis Fonsi
소원,도깨비 OST Part 10,어반 자카파 (Urban Zakapa)
오랜 날 오랜 밤,사춘기 하 (思春記 下),악동뮤지션 (AKMU)
Excuse Me,AOA 1st Album ANGEL`S KNOCK,AOA
I Miss You,도깨비 OST Part 7,소유 (SOYOU)
당신의 밤 (Feat. 오혁),무한도전 위대한 유산,황광희 X 개코
쏘아,무한도전 위대한 유산,하하 X MINO
Who are you,도깨비 OST Part 6,샘김
이쁘다니까,도깨비 OST Part 5,에디킴
좋다고 말해,Full Album RED PLANET (Hidden Track),볼빨간사춘기
Beautiful,도깨비 OST Part 4,크러쉬 (CRUSH)
에라 모르겠다,MADE,빅뱅
LAST DANCE,MADE,빅뱅
GIRLFRIEND,MADE,빅뱅
Hush,도깨비 OST Part 3,Lasse Lindh
내 눈에만 보여,도깨비 OST Part 2,10cm
City Of Stars (From `La La Land` Soundtrack),La La Land (영화 `라라랜드` OST),Ryan Gosling & Emma Stone
Another Day Of Sun (From `La La Land` Soundtrack),La La Land (영화 `라라랜드` OST),La La Land Cast
A Lovely Night (From `La La Land` Soundtrack),La La Land (영화 `라라랜드` OST),Ryan Gosling & Emma Stone
저 별,저 별,헤이즈 (Heize)
Stay With Me,도깨비 OST Part 1,"찬열 (CHANYEOL), 펀치 (Punch)"
Alone,Alone,Alan Walker
이 바보야,목소리,정승환
"BERMUDA TRIANGLE (Feat. Crush, DEAN)",BERMUDA TRIANGLE,지코 (ZICO)
I Feel It Coming (Feat. Daft Punk),Starboy,The Weeknd
꽃길 (Prod. By ZICO),Jelly box 꽃길 (Prod. By 지코(ZICO)) 세정,세정
That`s What I Like,24K Magic,Bruno Mars
Decalcomanie (데칼코마니),MEMORY,마마무 (Mamamoo)
남아있어 (Feat. Crush),남아있어,로꼬 (LOCO)
널 너무 사랑해서 (Feat. 정은지 of 에이핑크),U.F.O,MC몽
18991231,18991231,태연 (TAEYEON)
TT,TWICEcoaster : LANE 1,TWICE
Rockabye (Feat. Sean Paul & Anne-Marie),Rockabye,Clean Bandit
"All I Wanna Do (K) (Feat. Hoody, Loco)",EVERYTHING YOU WANTED,박재범
너무너무너무,miss me?,아이오아이 (I.O.I)
어떻게 지내,wonderlust,크러쉬 (CRUSH)
Don`t Wanna Know (Feat. Kendrick Lamar),Red Pill Blues (Deluxe Edition),Maroon 5
내 옆에 그대인 걸,50 X HALF,다비치
빌려줄게,EMPATHY,신용재
세 단어,세 단어,젝스키스
숨,I am A Dreamer,박효신
끝,웃긴 밤,권진아
Dancing King,Dancing King,"유재석, EXO"
"다정하게, 안녕히",구르미 그린 달빛 OST Part.5,성시경
The Greatest (Feat. Kendrick Lamar),The Greatest,Sia
러시안 룰렛 (Russian Roulette),Russian Roulette - The 3rd Mini Album,레드벨벳(Red Velvet)
구르미 그린 달빛,구르미 그린 달빛 OST Part.3,거미
우주를 줄게,Full Album RED PLANET,볼빨간사춘기
나만 안되는 연애,Full Album RED PLANET,볼빨간사춘기
You(=I),Full Album RED PLANET,볼빨간사춘기
심술,Full Album RED PLANET,볼빨간사춘기
프리지아,Full Album RED PLANET,볼빨간사춘기
Blow Your Mind (Mwah),Dua Lipa (Deluxe),Dua Lipa
목요일 밤 (Feat. 빈지노),목요일 밤,어반 자카파 (Urban Zakapa)
너를 위해,달의 연인 - 보보경심 려 OST Part 1,"첸, 백현, 시우민 (EXO)"
If You,If You,에일리 (Ailee)
잠은 다 잤나봐요,구르미 그린 달빛 OST Part 1,"소유, 유승우"
Lotto,LOTTO - The 3rd Album Repackage,EXO
puzzle,puzzle,"씨잼 (C Jamm), 비와이(BewhY)"
휘파람,SQUARE ONE,BLACKPINK
붐바야,SQUARE ONE,BLACKPINK
Let Me Love You (Feat. Justin Bieber),Encore,DJ Snake
뜨거운 여름밤은 가고 남은 건 볼품없지만,MONKEY HOTEL,잔나비
사랑해요,함부로 애틋하게 OST Part.9,김범수
여름밤에 우린,여름밤에 우린,스탠딩 에그(Standing Egg)
Cold Water (Feat. Justin Bieber & MO),Cold Water,Major Lazer
Warm On A Cold Night,Warm On A Cold Night (Deluxe),HONNE
아름다워,돈 벌 시간 2,창모 (CHANGMO)
마에스트로 (Maestro),돈 벌 시간 2,창모 (CHANGMO)
"And July (Feat. DEAN, DJ Friz)",And July,헤이즈 (Heize)
The Ocean (Feat. Shy Martin) (Radio Edit),The Ocean (Radio Edit),Mike Perry
네 생각,네 생각,존 박
너 그리고 나 (NAVILLERA),The 1st Album `LOL`,여자친구 (GFRIEND)
Day Day (Feat. 박재범) (Prod. by GRAY),쇼미더머니 5 Episode 4,비와이(BewhY)
Why So Lonely,Why So Lonely,원더걸스 (Wonder girls)
아주 NICE,Love&Letter repackage album,세븐틴
Forever (Prod. by GRAY),쇼미더머니 5 Episode 3,비와이(BewhY)
"호랑나비 (Feat. Gill, 리듬파워)",쇼미더머니 5 Episode 3,보이비 (Boi B)
Shut Up (Feat. 유희열),언니들의 슬램덩크,언니쓰
Why,Why- The 2nd Mini Album,태연 (TAEYEON)
맘 편히 (Comfortable),쇼미더머니 5 Episode 2,"사이먼 도미닉 (Simon Dominic), GRAY, 원 (ONE)"
I Like That,沒我愛(몰아애),씨스타 (Sistar)
Bye bye my blue,Bye bye my blue,백예린
니가 알던 내가 아냐 (Prod. by GRAY),쇼미더머니 5 Episode 1,"사이먼 도미닉 (Simon Dominic), 원(ONE), 지투(G2), BewhY"
Monster,EX’ACT - The 3rd Album,EXO
Lucky One,EX’ACT - The 3rd Album,EXO
Treat You Better,Illuminate (Deluxe Edition),Shawn Mendes
쏘쏘,쏘쏘,백아연
오늘,When I Begin,O.WHEN(오왠)
Side To Side (Feat. Nicki Minaj),Dangerous Woman,Ariana Grande
사랑이 뭔데,또 오해영 OST Part 3,"서현진, 유승우"
Good Luck,Good Luck,AOA
CAN`T STOP THE FEELING!,CAN`T STOP THE FEELING!,Justin Timberlake
꿈처럼,또 오해영 OST Part 2,벤 (Ben)
우아해 (woo ah),Interlude,크러쉬 (CRUSH)
This Is What You Came For (Feat. Rihanna),This Is What You Came For,Calvin Harris
RE-BYE,사춘기 상 (思春記 上),악동뮤지션 (AKMU)
불타오르네 (FIRE),화양연화 Young Forever,방탄소년단
Save ME,화양연화 Young Forever,방탄소년단
How To Love (Feat. Sofia Reyes),"Blood, Sweat & 3 Years",Cash Cash
내 입술 따뜻한 커피처럼 (Feat. 이성경),내 입술 따뜻한 커피처럼,에디킴
CHEER UP,PAGE TWO,TWICE
하늘바라기 (feat. 하림),Dream,정은지
돌아오지마 (Feat. 용준형 of 비스트),돌아오지마,헤이즈 (Heize)
How Can I Love You,태양의 후예 OST Part 10,XIA(준수)
Toy,Blooming Period,블락비 (Block B)
"그대, 바람이 되어",태양의 후예 OST Part.9,엠씨더맥스 (M.C The Max)
7 Years,Lukas Graham,Lukas Graham
사랑하자,태양의 후예 OST Part.8,SG 워너비
꿈속에 너 (Feat. 전상근),두 번째 이야기,에이치코드 (H:CODE)
"i hate u, i love u (Feat. olivia o`brien) (album ver.)",us,gnash
사랑에 빠졌죠 (당신만이),장범준 2집,장범준
D (half moon) (Feat. 개코),130 mood  TRBL,DEAN
21,130 mood  TRBL,DEAN
같은 곳에서,PRODUCE 101 - 35 Girls 5 Concepts,소녀온탑
말해! 뭐해?,태양의 후예 OST Part.6,케이윌 (K.Will)
다시 너를,태양의 후예 OST Part 5,"매드 클라운 (Mad Clown), 김나영"
Don`t Cry (우리동네 음악대장),복면가왕 50회,우리 동네 음악대장
You Are My Everything,태양의 후예 OST Part 4,거미
봄인가 봐 (Spring Love),봄인가 봐 (Spring Love),"에릭남, 웬디"
이 사랑,태양의 후예 OST Part.3,다비치
넌 is 뭔들,Melting,마마무 (Mamamoo)
Everytime,태양의 후예 OST Part.2,"첸(CHEN), 펀치 (Punch)"
공감 (Feat. 서영은),공감,정준영
ALWAYS,태양의 후예 OST Part 1,윤미래 (T)
Don`t Let Me Down (Feat. Daya),Don`t Let Me Down,The Chainsmokers
Rain,태연 `Rain`,태연 (TAEYEON)
센치해,EXIT : E,WINNER
We Don`t Talk Anymore (Feat. Selena Gomez),Nine Track Mind (Deluxe),Charlie Puth
Left Right Left,Nine Track Mind (Deluxe),Charlie Puth
Up All Night,Nine Track Mind (Deluxe),Charlie Puth
Marvin Gaye (Feat. Meghan Trainor),Nine Track Mind (Deluxe),Charlie Puth
I Miss You,I Miss You,마마무 (Mamamoo)
"what2do (Feat. Crush, Jeff Bernat)",what2do,DEAN
시간을 달려서 (Rough),3rd Mini Album `SNOWFLAKE`,여자친구 (GFRIEND)
너는 나 나는 너,Break Up 2 Make Up,지코 (ZICO)
사랑이었다 (Feat. 루나 of f(x)),Break Up 2 Make Up,지코 (ZICO)
For Him. (Feat. Allday),Blue Neighbourhood (Deluxe Edition),Troye Sivan
잊어버리지마 (Feat.태연),잊어버리지마,크러쉬 (CRUSH)
Faded,Faded,Alan Walker
Dream,Dream,"수지, 백현 (BAEKHYUN)"
니가 하면 로맨스 (feat.다비치),니가 하면 로맨스,케이윌 (K.Will)
또 하루 (Feat. 개코),또 하루,Gary (개리)
어땠을까,어땠을까,김나영
함께,응답하라 1988 OST Part 7,노을
PICK ME,PRODUCE 101 - PICK ME,PRODUCE 101
사랑이 맞을거야,사랑이 맞을거야,윤미래 (T)
유레카 (Feat. Zion.T),GALLERY,지코 (ZICO)
네게 줄 수 있는건 오직 사랑뿐,응답하라 1988 OST Part 5,디셈버 (December)
Everglow,A Head Full Of Dreams,Coldplay
DADDY (Feat. CL of 2NE1),칠집싸이다,싸이 (Psy)
나팔바지,칠집싸이다,싸이 (Psy)
우주를 건너,FRANK,백예린
혜화동 (혹은 쌍문동),응답하라 1988 OST Part 4,박보람
소녀,응답하라 1988 OST Part 3,오혁
When We Were Young,25,Adele
못먹는 감 (Sour Grapes),못먹는 감,"산이(San E), 매드 클라운(Mad Clown)"
HOT PINK,HOT PINK,EXID
Boys And Girls (Feat. Babylon),Boys And Girls,지코 (ZICO)
청춘 (Feat. 김창완),응답하라 1988 OST Part 1,김필
4 Walls,4 Walls - The 4th Album,f(x)
냉탕에 상어 (Feat. 블랙넛),냉탕에 상어,슈퍼비
Sorry,Sorry,Justin Bieber
Hello,Hello,Adele
스물셋,CHAT-SHIRE,아이유 (IU)
무릎,CHAT-SHIRE,아이유 (IU)
푸르던,CHAT-SHIRE,아이유 (IU)
OOH-AHH하게,THE STORY BEGINS,TWICE
모르나봐,그녀는 예뻤다 OST Part.4,"소유, 브라더수"
No Make Up,No Make Up,자이언티(Zion.T)
I (Feat. 버벌진트),I - The 1st Mini Album,태연 (TAEYEON)
Ah-Choo,Lovelyz8,러블리즈
리듬 타 (RHYTHM TA),WELCOME BACK,iKON
가끔,그녀는 예뻤다 OST Part 2,지아 (Zia)
또 다시 사랑,또 다시 사랑,임창정
어깨,어깨,"소유, 권정열"
바람이나 좀 쐐 (Feat. MIWOO),2002,Gary (개리)
보통연애 (Feat. 박보람),보통연애,박경
하루의 끝 (End of a day),종현 소품집 `이야기 Op.1`,종현 (JONGHYUN)
취향저격,WELCOME BACK,iKON
Dumb Dumb,The Red - The 1st Album,레드벨벳(Red Velvet)
FOOLS,WILD,Troye Sivan
Okey Dokey,쇼미더머니 4 Episode 6,"송민호, 지코(ZICO)"
What Do You Mean?,What Do You Mean?,Justin Bieber
One Call Away,Nine Track Mind (Deluxe),Charlie Puth
겁 (Feat. 태양),쇼미더머니 4 Episode 5,송민호
레옹,무한도전 영동고속도로 가요제,"이유 갓지(GOD G)않은이유(박명수, 아이유)"
맙소사,무한도전 영동고속도로 가요제,"황태지(황광희, 태양, 지드래곤)"
스폰서 ($ponsor),무한도전 영동고속도로 가요제,"으뜨거따시(하하, 자이언티)"
멋진헛간,무한도전 영동고속도로 가요제,"오대천왕(정형돈, 밴드 혁오)"
I`m So Sexy,무한도전 영동고속도로 가요제,"댄싱게놈(유재석, JYP)"
가슴 뛰도록,THE VOICE,SG워너비
Lion Heart,Lion Heart - The 5th Album,소녀시대
오빠차,쇼미더머니 4 Episode 4,"인크레더블, 타블로, 지누션"
사이먼 도미닉,사이먼 도미닉,사이먼 도미닉 (Simon Dominic)
우리 사랑하지 말아요,E,빅뱅
쩔어 (GD&T.O.P),E,빅뱅
I Feel You,REBOOT,원더걸스 (Wonder Girls)
거북선 (Feat. 팔로알토),쇼미더머니 4 Episode 2,"자메즈 (Ja Mezz), 앤덥(Andup), 송민호"
I`m Not Sorry (Feat. Eric Bellinger),I`m Not Sorry,DEAN
오늘부터 우리는 (Me gustas tu),2nd Mini Album `Flower Bud`,여자친구 (GFRIEND)
New Thang,New Thang,Redfoo (LMFAO)
Remember,Pink MEMORY,에이핑크 (Apink)
Oasis (Feat. ZICO),Oasis,크러쉬 (CRUSH)
PARTY,PARTY,소녀시대
링마벨 (Ring My Bell),Girl`s Day Love Second Album,걸스데이 (Girl`s Day)
사랑할수록 (화생방실 클레오파트라),복면가왕 14회,화생방실 클레오파트라
IF YOU,D,빅뱅
맨정신,D,빅뱅
심쿵해 (Heart Attack),Heart Attack,AOA
SHAKE IT,SHAKE IT,씨스타 (Sistar)
음오아예 (Um Oh Ah Yeh),Pink Funky,마마무 (Mamamoo)
아프다,가면 OST Part 2,"지코 (ZICO), 소진"
LOVE ME RIGHT,LOVE ME RIGHT - The 2nd Album Repackage,EXO
뱅뱅뱅 (BANG BANG BANG),A,빅뱅
WE LIKE 2 PARTY,A,빅뱅
와리가리,22,혁오 (hyukoh)
사랑의 시작은 고백에서부터,프로듀사 OST,김범수
몸매 (MOMMAE) (Feat. Ugly Duck),몸매 (MOMMAE),박재범
이럴거면 그러지말지 (Feat. 영현),이럴거면 그러지말지,백아연
꺼내 먹어요,Eat,자이언티(Zion.T)
마음,마음,아이유 (IU)
View,Odd - The 4th Album,샤이니 (SHINee)
Madeleine Love,CHEEZE 1.5집 PLAIN,CHEEZE
Flashlight,Pitch Perfect 2 (영화 `피치 퍼펙트 2` OST),Jessie J
LOSER,M,빅뱅
BAE BAE,M,빅뱅
I NEED U,화양연화 pt.1,방탄소년단
그 남잔 말야,냄새를 보는 소녀 OST Part 5,엠씨 더 맥스(M.C the Max)
Me You (Feat. 백예린 of 15&),양치기 소년,산이 (San E)
연예할래,CELEPRETTY,박보람
한번 더 말해줘 (Feat. 장한나),한번 더 말해줘,지누션
품행제로,품행제로,블락비 바스타즈
아예 (Ah Yeah),AH YEAH,EXID
어머님이 누구니 (Feat. 제시),24/34,박진영
우연히 봄,냄새를 보는 소녀 OST Part 2,"로꼬 (LOCO), 유주 (여자친구)"
다른 남자 말고 너,Colors,miss A
CALL ME BABY,The 2nd Album `EXODUS`,EXO
아무도 모르게 (Prod. by MC몽),언프리티 랩스타 Track 6,"치타, 에일리"
꽃이 핀다,RE:,케이윌 (K.will)
새벽 가로수길 (With 송유빈),새벽 가로수길,백지영
Puss (Prod.by 라이머),언프리티 랩스타 SEMI FINAL,"지민, 아이언"
두사랑 (Feat. 매드클라운),두사랑,다비치
See You Again (폴 워커 추모 엔딩곡),분노의 질주: 더 세븐 (Fast & Furious 7) OST,"Charlie Puth, Wiz Khalifa"
Ice Cream Cake,The 1st Mini Album `Ice Cream Cake`,레드벨벳(Red Velvet)
사월의 눈,사월의 눈,허각
Apple (Feat. 박재범),Hawwah,가인
The Time Goes On,Time Travel,비와이 (BewhY)
우린 알아,우린 알아,"양다일, 정키 (JungKey)"
사랑 범벅 (Feat. 챈슬러 of the channels),SONG FOR YOU,MC몽
시작이 좋아 2015 (Prod. By 버벌진트),언프리티 랩스타 Track 2,"지민, 슬옹"
오빠야,신현희와김루트,신현희와김루트
Samsara (Feat. Emila),Samsara,"Tungevaag, Raaban"
My Type (Prod. by 버벌진트),언프리티 랩스타 Track 3,"제시(Jessi), 치타, 강남"
Love Me Like You Do,Love Me Like You Do (영화 `그레이의 50가지 그림자` OST),Ellie Goulding
미쳐,Crazy,포미닛 (4minute)
같은 시간 속의 너,브라운 아이드 소울 싱글 프로젝트 1st. 같은 시간 속의 너 By 나얼,나얼
그냥 (Just),Young,"자이언티(Zion.T), 크러쉬 (CRUSH)"
Worth It (Feat. Kid Ink),Worth It,Fifth Harmony
또 운다 또,DAVICHI HUG,다비치
슬픔 속에 그댈 지워야만 해,K팝 스타 시즌4 - 캐스팅 오디션 Part 1,"정승환, 박윤하"
유리구슬 (Glass Bead),1st Mini Album `Season Of Glass`,여자친구 (GFRIEND)
팔베개 (Pillow) (Feat. 기현),NO.MERCY (노머시) Part 2,"소유, 기리보이 (Giriboy)"
환청 (Feat. 나쑈(NaShow)),킬미힐미 OST Part 1,장재인
화 (Feat. 진실 of Mad Soul Child),Piece Of Mine,매드 클라운 (Mad Clown)
목소리,보이지 않는 것들,노을
Angel,Angel,"윤미래, 타이거JK, 비지"
사랑에 빠지고 싶다,K팝 스타 시즌4 `사랑에 빠지고 싶다`,정승환
니가 모르게 (You Don`t Know),LOCOMOTIVE,로꼬 (LOCO)
Santa Tell Me,Santa Tell Me,Ariana Grande
LUV,Pink LUV,에이핑크 (Apink)
HAPPY TOGETHER,HAPPY TOGETHER,박효신
GOOD BOY,GOOD BOY,GD X TAEYANG
세 사람 (With 성시경),Da Capo,토이 (Toy)
Uptown Funk (Feat. Bruno Mars),Uptown Funk,Mark Ronson
사뿐사뿐 (Like a Cat),사뿐사뿐,AOA
나는 달라 (Feat. BOBBY),나는 달라,HI SUHYUN
산다는 건 (Cheer Up),인생노트 (LIFE NOTE),홍진영
내 생애 가장 행복한 시간 (Feat. 허각),MISS ME OR DISS ME,MC몽
내가 그리웠니 (Feat. 진실 of Mad Soul Child),MISS ME OR DISS ME,MC몽
언제쯤이면 (Duet.아이유),피아노포르테 (Pianoforte),윤현상
SOFA,SOFA,크러쉬 (CRUSH)
"BORN HATER (Feat. 빈지노, 버벌진트, B.I, MINO, BOBBY)",신발장,에픽하이 (Epik High)
헤픈엔딩 (Feat. 조원선 of 롤러코스터),신발장,에픽하이 (Epik High)
0,Time,비스트 (Beast)
"화장 지웠어 (Feat. Zion.T, HA:TFELT) (No make up)",REDINGRAY,개코
시간과 낙엽,시간과 낙엽,악동뮤지션 (AKMU)
GDFR (Feat. Sage The Gemini And Lookas),GDFR,Flo Rida
그게나야,동행,김동률
틈,소유 X 어반자카파 (권순일 & 박용인) `틈`,"소유, 권순일, 박용인"
손대지마,Magazine,에일리 (Ailee)
양화대교,양화대교,자이언티(Zion.T)
당신만이,슈퍼스타K6 곽진언 김필 임도혁,"곽진언, 김필, 임도혁"
위잉위잉,20,혁오 (hyukoh)
너무 보고 싶어,연애의 발견 OST Part 6,어쿠스틱 콜라보
독기,쇼미더머니3 씨잼 vs 아이언,아이언
"묘해, 너와",연애의 발견 OST Part 4,어쿠스틱 콜라보
Sugar,V (Deluxe Edition),Maroon 5
Animals,V (Deluxe Edition),Maroon 5
연결고리#힙합,쇼미더머니3 Part 4,바비 (BOBBY)
사랑하긴 했었나요 스쳐가는 인연이었나요 짧지않은 우리 함께했던 시간들이 자꾸 내 마음을 가둬두네,봉춤을 추네,잔나비
위아래,위아래,EXID
너를 사랑해,괜찮아 사랑이야 OST Part 6,윤미래 (T)
I Swear,SWEET & SOUR,씨스타 (Sistar)
Best Mistake (Feat. Big Sean),My Everything,Ariana Grande
공허해,2014 S/S,WINNER
끼부리지마,2014 S/S,WINNER
예뻐졌다 (feat. 지코 Of 블락비),예뻐졌다,박보람
잠 못드는 밤 (feat. 펀치(Punch)),괜찮아 사랑이야 OST Part 3,크러쉬 (CRUSH)
괜찮아 사랑이야,괜찮아 사랑이야 OST Part 2,다비치
Bang Bang,Bang Bang,"Jessie J, Ariana Grande, Nicki Minaj"
HER,HER,블락비(Block B)
최고의 행운,괜찮아 사랑이야 OST Part 1,첸 (CHEN)
Touch my body,TOUCH & MOVE,씨스타 (Sistar)
Lost Stars,영화 Begin Again OST,Adam Levine
No One Else Like You,영화 Begin Again OST,Adam Levine
Tell Me If You Wanna Go Home,영화 Begin Again OST,Keira Knightley
Darling,GIRL`S DAY EVERYDAY #4,걸스데이(Girl`s Day)
A Step You Can`t Take Back,영화 Begin Again OST,Keira Knightley
Like A Fool,영화 Begin Again OST,Keira Knightley
A Higher Place,영화 Begin Again OST,Adam Levine
Lost Stars,영화 Begin Again OST,Keira Knightley
이제 그만 싸우자,`A CUBE` FOR SEASON # SKY BLUE,"허각,정은지"
애타는 마음,애타는 마음,"울랄라세션, 아이유(IU)"
오늘부터 1일 (Day 1),ONE FINE DAY,케이윌 (K.Will)
Thinking Out Loud,X (Deluxe Edition),Ed Sheeran
Photograph,X (Deluxe Edition),Ed Sheeran
단발머리 (Short Hair),단발머리,AOA
Maps,Maps,Maroon 5
Good Luck,Good Luck,비스트 (Beast)
한여름밤의 꿀,"San E, 레이나 Project Single `한여름밤의 꿀`","산이(San E), 레이나"
잊혀지다 (Feat. 양다일),Emotion,정키 (Jung key)
나 왜이래,너희들은 포위됐다 OST Part 1,산이 (San E)
I`m Not The Only One,In The Lonely Hour,Sam Smith
사람냄새,사람냄새,"Gary (개리), 정인"
Stay With Me,In The Lonely Hour (Standard Edition),Sam Smith
Lay Me Down,In The Lonely Hour (Standard Edition),Sam Smith
너를 너를 너를,CONTINUUM,플라이 투 더 스카이 (Fly To The Sky)
너의 의미 (Feat. 김창완),꽃갈피,아이유 (IU)
나의 옛날 이야기,꽃갈피,아이유 (IU)
너를 원해 (Feat. Beenzino),Want U,정기고 (Junggigo)
미운오리새끼,미운오리새끼,god
중독 (Overdose),The 2nd Mini Album ‘중독 (Overdose)’,EXO-K
Problem (Feat. Iggy Azalea),Problem,Ariana Grande
너 사용법,너 사용법,에디킴
Bad (Feat. Vassy) (Radio Edit),Bad (Radio Edit),David Guetta & Showtek
2,PLAY,악동뮤지션 (AKMU)
Give Love,PLAY,악동뮤지션 (AKMU)
인연,불후의 명곡 - 전설을 노래하다 (이선희 2편),"윤민수, 신용재"
견딜만해 (Feat. 효린),표독,매드 클라운 (Mad Clown)
가끔,가끔,크러쉬 (CRUSH)
Mr. Chu (On Stage),Pink Blossom,에이핑크 (Apink)
그 중에 그대를 만나,(SERENDIPITY) 30주년 기념앨범,이선희
흔한 노래,흔한 노래... 흔한 멜로디...,임창정
감아 (Feat. Crush),감아,로꼬 (LOCO)
까탈레나 (Catallena),THE THIRD SINGLE CATALLENA,오렌지 캬라멜 (Orange Caramel)
Come Back Home,2NE1 NEW ALBUM `CRUSH`,2NE1 (투애니 원)
Mr.Mr.,The 4th Mini Album “Mr.Mr.”,소녀시대
보름달 (Feat. Lena),Full Moon,선미
너의 모든 순간,별에서 온 그대 OST Part 7,성시경
썸 (Feat. 릴보이 Of 긱스),썸,"소유, 정기고"
안녕,별에서 온 그대 OST Part 4,효린
짧은 치마 (Miniskirt),짧은 치마,AOA
Something,걸스데이 미니앨범 3집,걸스데이 (Girl`s Day)
그대가 분다,UNVEILING,엠씨더맥스 (M.C The Max)
Happy (Gru`s Theme From Despicable Me 2),Happy (Gru`s Theme From Despicable Me 2),Pharrell Williams
My Destiny,별에서 온 그대 OST Part 1,린 (LYn)
금요일에 만나요 (Feat. 장이정),Modern Times - Epilogue,아이유 (IU)
"Dali, Van, Picasso","Dali, Van, Picasso",빈지노 (Beenzino)
겨울 고백,Jelly Christmas 2013,"성시경, 박효신, 서인국, 빅스 (VIXX), 여동생"
12월의 기적 (Miracles in December),겨울 스페셜 앨범 `12월의 기적 (Miracles In December)`,EXO
Love Is An Open Door,Frozen OST,"Kristen Bell, Santino Fontana"
How Long Will I Love You,About Time OST (어바웃타임 OST),Ellie Goulding
거짓말 거짓말 거짓말,고독의 의미,이적
너에게,응답하라 1994 OST Part 2,성시경
분홍신,Modern Times,아이유 (IU)
처음엔 사랑이란게,버스커버스커 2집,버스커 버스커 (Busker Busker)
나란놈이란,나란놈이란,임창정
착해 빠졌어 (Stupid In Love),착해 빠졌어 (Stupid In Love),"소유, 매드 클라운 (Mad Clown)"
삐딱하게 (Crooked),쿠데타 (COUP D`ETAT),G-Dragon
Touch Love,주군의 태양 OST Part 4,윤미래 (T)
갖고놀래 (Feat. 다이나믹 듀오),갖고놀래,범키
으르렁 (Growl),XOXO (Kiss & Hug) Repackage,EXO
아는사람 얘기,아는사람 얘기,산이 (San E)
아모르 파티,아모르 파티,김연자
U & I,A`s Doll House,에일리 (Ailee)
NoNoNo,Secret Garden,에이핑크 (Apink)
오늘따라 보고싶어서 그래,여름날의 추억,다비치
Baaam (Feat. Muzie),7집 Lucky Numbers,다이나믹 듀오 (Dynamic Duo)
빠빠빠,빠빠빠,크레용팝 (Crayon Pop)
My Love,My Love,이승철
All Right,A Voice,김예림 (투개월)
Give It To Me,2집 Give It To Me,씨스타 (Sistar)
넌 너무 야해 (The Way You Make Me Melt) (Feat. 긱스),Give It To Me,씨스타 (Sistar)
너 하나야,구가의 서 OST Part 7,포맨 (4Men)
미친연애 (Bad Girl) (Feat. E-Sens),미친연애,범키
짧은머리,`A Cube` For Season # Blue,"허각, 정은지 (에이핑크)"
Bad Girls,5집 Monochrome,이효리
잘 있나요,구가의 서 OST Part 6,더 원 (The One)
청혼하는 거예요,The 5th Album Vol.2 `Thank You`,포맨 (4Men)
미스코리아,5집 Monochrome,이효리
꼭 한번 만나고 싶다,5집 Organic Sound,바이브 (Vibe)
Yoo Hoo,Letter From Secret,시크릿 (Secret)
Wash Away (Feat. 에일리),1집 Backpack,긱스 (Geeks)
이름이 뭐예요?,Name Is 4Minute,포미닛 (4Minute)
I Love You,내 연애의 모든 것 OST Part 3,악동뮤지션 (AKMU)
Hello (Feat. 버벌진트),19집 Hello,조용필
Bounce,Bounce,조용필
Gentleman,Gentleman,싸이 (Psy)
오늘 밤 (Feat. 배치기),LYn 8th #1 `유리 심장`,린 (LYn)
좋아 (Joah),Joah,박재범
Somebody,Somebody,"15& (박지민, 백예린)"
Love Blossom (러브블러썸),3집 The 3rd Album Part 2 `Love Blossom (러브블러썸)`,케이윌 (K.Will)
외국인의 고백,SBS K팝 스타 시즌2 TOP 3 Part 2,악동뮤지션 (AKMU)
어때 (Feat. 하림),어때,긱스 (Geeks)
녹는 중 (Feat. 버벌진트),녹는 중,다비치
The Bad Touch (Gordon & Doyle Edit),The Bad Touch (Single),DJ Gollum Vs. EmpyreOne
Rose,1집 First Love,이하이
Counting Stars,Native (Deluxe Edition),OneRepublic
Man In Love (남자가 사랑할때),New Challenge,인피니트 (Infinite)
기대해,1집 기대,걸스데이 (Girl`s Day)
그리고 하나,"그 겨울, 바람이 분다 OST Part 5",태연 (TAEYEON)
Crescendo (크레셴도),SBS K팝 스타 시즌2 TOP 6,악동뮤지션 (AKMU)
It`s Over,1집 First Love,이하이
어느 봄날,2집 어느 봄날,2AM
거북이,Mystic Ballad Part 1,다비치
눈꽃,"그 겨울, 바람이 분다 OST Part 3",거미
긴 생머리 그녀 (Miss Right),1집 No.1,틴 탑 (Teen Top)
이게 사랑이 아니면 (Feat. 에일리),이게 사랑이 아니면,버벌진트 (Verbal Jint)
겨울사랑,"그 겨울, 바람이 분다 OST Part 2",더 원 (The One)
Dream Girl,SHINee The 3rd Album Chapter 1. `Dream Girl-The Misconceptions Of You`,샤이니 (SHINee)
모르시나요,아이리스Ⅱ OST Part 1,다비치
1440,1집 Little Giant,허각
있다 없으니까 (Gone Not Around Any Longer),있다 없으니까,씨스타19
안녕 나야,The 5th Album Vol.1 (실화),포맨 (4Men)
눈물 (Feat. 유진),이단옆차기 프로젝트 Vol.02,리쌍
모노드라마,Little Giant,"허각, 유승우"
눈물샤워 (Feat. 에일리),4집 Part 2,배치기
I’m Sorry,Re:Blue,씨엔블루 (CNBLUE)
Special Girl (Feat. Bumkey),Fly High,인피니트H
시작이 좋아 (Feat. 강민희),시작이 좋아,버벌진트 (Verbla Jint)
강북멋쟁이,박명수의 어떤가요,정형돈
싫다,싫다,백지영
I Got A Boy,4집 I Got A Boy,소녀시대
혼자라고 생각말기,학교 OST Part 3,김보경
Dancing Queen,4집 I Got A Boy,소녀시대
Goodbye To Romance,Antique Romance,써니힐 (Sunny Hill)
매력있어,SBS K팝 스타 시즌2 매력있어,악동뮤지션 (AKMU)
Treasure,Unorthodox Jukebox,Bruno Mars
When I Was Your Man,Unorthodox Jukebox,Bruno Mars
크리스마스니까,Jelly Christmas 2012 Heart Project,"성시경, 박효신, 이석훈, 서인국, 빅스 (VIXX)"
Talk That,Talk That,시크릿 (Secret)
카페인,The First Collage,양요섭
다리꼬지마,SBS K팝 스타 시즌2 `다리꼬지마`,악동뮤지션 (AKMU)
되돌리다,숲,이승기
허수아비,허수아비,이하이
나쁜 사람,원앤원 (1 & 1),주니엘 (Juniel)
힐링이 필요해,슈퍼스타K4 TOP12 Part 6,로이킴
하지 못한 말,4집 Time For Love,노을
만약에 말야 (전우성 Solo),4집 Time For Love,노을
"Officially Missing You, Too",re;code Episode I,"긱스 (Geeks), 소유"
"? (물음표) (Feat. 최자, Zion.T)",Primary And The Messengers LP,프라이머리 (Primary)
"씨스루 (Feat. Zion.T, 개코)",Primary And The Messengers LP,프라이머리 (Primary)
똑같은 사랑 똑같은 이별,-2,어반 자카파 (Urban Zakapa)
"1,2,3,4 (원,투,쓰리,포)","1,2,3,4 (원,투,쓰리,포)",이하이
귀여워,귀여워,"별, 권정열 (10cm)"
독 (Feat. E-Sens),Primary And The Messengers LP,프라이머리 (Primary)
휘파람,슈퍼스타K4 TOP12 Part 2,로이킴
Ice Cream,Melting,현아 (HyunA)
닐리리맘보,1집 Block Buster,블락비 (Block B)
저녁 하늘,Invitation,에일리 (Ailee)
먼지가 되어,슈퍼스타K4 TOP12 Part 1,"로이킴, 정준영"
남자 없이 잘 살아,Independent Women Part Ⅲ,Miss A
My Son,슈퍼스타K 4 TOP12 Part 1,유승우
말리꽃 (원곡가수 이승철),`나는 가수다 2` 10월 B조 경연,이정
이러지마 제발 (Please Don`t...),The 3rd Album Part 1,케이윌 (K.Will)
Fine Thank You And You,2집 2.0,10cm
춥다 (Feat. 이하이),7집 99,에픽하이 (Epik High)
피어나,Talk About S.,가인 (브라운 아이드 걸스)
아마추어,아마추어,이승철
사랑은 눈꽃처럼,세상 어디에도 없는 착한남자 OST Part 1,XIA(준수)
Missing You (Feat. 김윤아),One Of A Kind,G-Dragon
크레용 (Crayon),One Of A Kind,G-Dragon
그XX,One Of A Kind,G-Dragon
아프다,아프다,허각
Poison,Poison,시크릿 (Secret)
립스틱 (Lip Stick),립스틱 (Lip Stick),오렌지 캬라멜 (Orange Caramel)
좋겠어 (I Wish),4집 Five Treasure Box,FTISLAND (FT 아일랜드)
느린노래,I`m Baek,백아연
니가 싫어,니가 싫어,어반 자카파 (Urban Zakapa)
Sexy Love,Mirage,티아라 (T-ara)
우리 사랑 이대로,응답하라 1997 Love Story Part 2,"정은지 (에이핑크), 서인국"
홀로 (Feat. 김나영),Break Up,정키 (Jung Key)
All For You,응답하라 1997 Love Story Part 1,"정은지 (에이핑크), 서인국"
Pandora,PANDORA,카라 (KARA)
I Need You,I Need You,"허각, 지아 (Zia)"
달빛바다,LOEN TREE Summer Story,"아이유 (IU), 피에스타(FIESTAR)"
남자도 우나요,The S Part 1,다비치
가수가 된 이유,24,신용재
자꾸만 자꾸만,24,신용재
Only One,7집 Only One,보아 (BoA)
아름다운 밤이야,Midnight Sun,비스트 (Beast)
한여름밤의 꿈,Brown Eyed Girls The Original,브라운 아이드 걸스
어땠을까 (Feat. 박정현),6집 싸이6甲 Part 1,싸이 (Psy)
강남스타일,6집 싸이6甲 Part 1,싸이 (Psy)
뜨거운 안녕 (Feat. 성시경),6집 싸이6甲 Part 1,싸이 (Psy)
Midnight (별 헤는 밤),Midnight (별 헤는 밤),비스트 (Beast)
"77학개론 (Feat. 리쌍, 김진표)",6집 싸이6甲 Part 1,싸이 (Psy)
청개구리 (Feat. G-Dragon),싸이6甲 Part 1,싸이 (Psy)
내 사랑아,신사의 품격 OST Part 5,이종현 (씨엔블루)
방구석 날라리,방구석 날라리,처진 달팽이
I Love You,I Love You,2NE1 (투애니 원)
Day By Day,Day By Day,티아라 (T-ara)
Aqua Man,2 4 : 2 6,빈지노 (Beenzino)
Boogie On & On,2 4 : 2 6,빈지노 (Beenzino)
미안해서 미안해,6집 JP6,김진표 (JP)
Loving U (러빙유),Loving U,씨스타 (Sistar)
안되겠더라,각시탈 OST Part 2,포맨 (4Men)
Lucky Strike,Overexposed,Maroon 5
한사람,한사람 (빅 OST),허각
One More Night,Overexposed (Deluxe),Maroon 5
정말로 사랑한다면,버스커 버스커 1집 마무리,버스커 버스커 (Busker Busker)
그댈 마주하는건 힘들어 (그마힘),버스커 버스커 1집 마무리,버스커 버스커 (Busker Busker)
충분히 예뻐,10년동안의오독I,버벌진트 (Verbal Jint)
소나기 (주르르루),버스커 버스커 1집 마무리,버스커 버스커 (Busker Busker)
네온사인,버스커 버스커 1집 마무리,버스커 버스커 (Busker Busker)
Flashback,FLASHBACK,애프터스쿨(After School)
가슴이 시린 게,신사의 품격 OST Part 3,이현 (에이트)
굿바이데이,각시탈 OST Part 1,울랄라세션
Electric Shock,`Electric Shock` The 2nd Mini Album,f(x)
illa illa (일라 일라),My First June,주니엘 (Juniel)
굿모닝 (Feat. 권정열),굿모닝,버벌진트 (Verbal Jint)
안좋을때 들으면 더 안좋은 노래,껭스타랩 볼륨1,형돈이와 대준이
Monster,BigBang Special Edition `Still Alive`,빅뱅
Like this,Wonder Party,원더걸스 (Wonder Girls)
STILL ALIVE,BigBang Special Edition `Still Alive`,빅뱅
"입장정리 (Feat. 최자, Simon D)",Primary And The Messengers Part 4,프라이머리 (Primary)
To You,aRtisT,틴 탑 (Teen Top)
High High,신사의 품격 OST Part 1,김태우
너에게 배운다 (My Love),Unplugged,리쌍
잘자요 굿나잇,THE B1A4 Ⅰ (IGNITION) (Special Edition),비원에이포 (B1A4)
Call You Mine (Feat. Geologic),1집 The Gentleman Approach,Jeff Bernat
Groovin`,1집 The Gentleman Approach,Jeff Bernat
2HOT,BLOOM,지나(G.NA)
If You Wonder,1집 The Gentleman Approach,Jeff Bernat
Good Boy (Feat. 용준형 of 비스트),GOOD BOY,백지영
추격자,Infinitize,인피니트 (Infinite)
I 돈 Care (Feat. 서수민PD),용감한 녀석들,용감한 녀석들
하루 끝,스무 살의 봄,아이유 (IU)
복숭아,스무 살의 봄,아이유 (IU)
아름다운 밤,Ulala Sensation Part 1,울랄라세션
나쁜놈 (Feat. 소야),나쁜놈,마이티 마우스 (Mighty Mouth)
Hush,UNE ANNEE,에이핑크 (Apink)
목소리 (Feat. 개리),Good Boy,백지영
She`s Gone,She`s Gone,디셈버 (December)
Twinkle,`Twinkle` Mini Album,소녀시대-태티서(Girls` Generation-TTS)
너뿐이야 (You`re The One),Spring 새로운 사랑에게 보내는 다섯곡의 노래,박진영
다른 사람 품에 안겨서 (Someone else) Duet with 가인,Spring 새로운 사랑에게 보내는 다섯곡의 노래,박진영
"씨스루 (Feat. 개코, Zion.T)",Primary And The Messengers Part 3,프라이머리 (Primary)
떠나간다,떠나간다,노을
Payphone (Feat. Wiz Khalifa),Payphone (Single),Maroon 5
나혼자 (Alone),Alone,씨스타 (Sistar)
두 마리,두 마리,배치기
Volume Up,Volume Up,포미닛 (4minute)
사랑은 다 그런거래요,Together,"양파, 다비치, HANNA"
여수 밤바다,버스커 버스커 1집,버스커 버스커 (Busker Busker)
꽃송이가,버스커 버스커 1집,버스커 버스커 (Busker Busker)
첫사랑,버스커 버스커 1집,버스커 버스커 (Busker Busker)
외로움 증폭장치 (브래드 드럼 한판 쉬기),버스커 버스커 1집,버스커 버스커 (Busker Busker)
전활 거네,버스커 버스커 1집,버스커 버스커 (Busker Busker)
향수,버스커 버스커 1집,버스커 버스커 (Busker Busker)
골목길 어귀에서,버스커 버스커 1집,버스커 버스커 (Busker Busker)
미치게 보고싶은,더킹 투하츠 OST Part 1,태연 (TAEYEON)
Hey You,EAR FUN,씨엔블루 (CNBLUE)
기다려 그리고 준비해,용감한 녀석들,용감한 녀석들
Venus,10집 The Return,신화
이상형,버스커 버스커 1집,버스커 버스커 (Busker Busker)
한참 지나서,옥탑방 왕세자 OST Part 1,백지영
Sherlock.셜록 (Clue + Note),`Sherlock` SHINee The 4th Mini Album,샤이니 (SHINee)
곰인형 (Feat. 해금),LoveFiction,린 (LYn)
아직 사랑한다,EAR FUN,씨엔블루 (CNBLUE)
Love Day,`A Cube` For Season # Green,"양요섭, 정은지"
그대 한 사람,해를 품은 달 OST Part 6,김수현
너도 나처럼,F.Scott Fitzgerald`s Way Of Love,2AM
자니 (Feat. DYNAMICDUO),자니,프라이머리 (Primary)
Call Me Maybe,Call Me Maybe,Carly Rae Jepsen
Fantastic Baby,빅뱅 미니앨범 5집 Alive,빅뱅
Blue,빅뱅 미니앨범 5집 Alive,빅뱅
BAD BOY,빅뱅 미니앨범 5집 ALIVE,빅뱅
사랑먼지,빅뱅 미니앨범 5집 ALIVE,빅뱅
재미없어,빅뱅 미니앨범 5집 ALIVE,빅뱅
Falling,Knock,존 박
Touch,Touch,miss A
잊었니,신들의 만찬 OST Part 1,이승철
니가 필요해 (I Need You),니가 필요해 (I Need You),케이윌 (K.Will)
Heaven,Heaven,에일리 (Ailee)
Marry You,Love Songs For Life,Bruno Mars
생각날거야,LOVE CALL (With 다비치),다비치
겁이나서 (With 백지영),겁이나서,나윤권
난리나,Welcome To The Block,블락비 (Block B)
내가 노래를 못해도,SE7EN NEW MINI ALBUM,세븐 (SE7EN)
지독하게,Grown-Up,FTISLAND (FT 아일랜드)
내가 싫다,내가 싫다 (Digital Single),케이윌 (K.Will)
Hit U,Hit U (EP),Dal★Shabet (달샤벳)
이럴 줄 알았어,이럴 줄 알았어,비스트 (Beast)
널 사랑하겠어,사랑을 보다2 OST,효린
베짱이 찬가,The Grasshoppers,써니힐 (SunnyHill)
전쟁이야,MBLAQ 4th Mini Album `100%Ver.`,엠블랙 (MBLAQ)
Livin` My Love,Livin` My Love (Single),"LMFAO, Steve Aoki"
키 큰 노총각 이야기,무한도전 나름 가수다,정준하
미치겠어,It`s,틴 탑 (Teen Top)
거기서거기 (Without You),Dynamic Duo 6th Diglog 2/2,다이나믹 듀오 (Dynamic Duo)
Lovey-Dovey,Funky Town,티아라 (T-ara)
속상해서 (술 한잔 해요 Part 2),속상해서,지아 (Zia)
우리 사랑했잖아,우리 사랑했잖아,"다비치, 티아라"
촌스럽게 굴지마 (Feat. 용준형),Soul-Ri : 영혼이 있는 마을,알리 (Ali)
그 노래를 틀때마다,그 노래를 틀때마다,"허각, LE(EXID)"
살기 위해서,빠담빠담 OST Part 1,노을
Trouble Maker,Trouble Maker,트러블메이커 (Trouble Maker)
너랑 나,Last Fantasy,아이유 (IU)
비밀,Last Fantasy,아이유 (IU)
삼촌 (Feat. 이적),Last Fantasy,아이유 (IU)
불타는 금요일 (Friday Night),Dynamic Duo 6th Digilog 1/2,다이나믹 듀오 (Dynamic Duo)
My My,Snow Pink,에이핑크 (Apink)
서울사람들,서울사람들,버스커 버스커 (Busker Busker)
Ma Boy 2 (Feat. 효린),Rebirth,일렉트로보이즈 (Electroboyz)
Replay,KimdongrYULE,김동률
Cry Cry,Black Eyes,티아라 (T-ara)
사랑에 빠지고 싶다,사랑에 빠지고 싶다,김조한
Be My Baby,Wonder World,원더걸스 (Wonder girls)
죽고 싶단 말 밖에,죽고 싶단 말 밖에,허각
Swing Baby,슈퍼스타K3 TOP 11 Part 6,울랄라세션
G.N.O.,Wonder World,원더걸스 (Wonder girls)
그댄 달라요,슈퍼스타K3 TOP 11 Part 6,버스커 버스커 (Busker Busker)
클렌징크림,클렌징크림,브라운아이드걸스
그 남자 그 여자,그 남자 그 여자,"포맨 (4Men), 미 (美)"
Tomorrow (Feat. 태양),"열꽃, Part 2",타블로
막걸리나,슈퍼스타K3 TOP 11 Part 5,버스커 버스커 (Busker Busker)
Get It In (Feat. Tiger JK & 정인) (Korean Ver.),Get It In (The Creators Project) (Digital Single),윤미래 (T)
그리워 그리워,그리움,노을
친구잖아,Tonight,이승기
나쁘다 (Feat. 진실),"열꽃, Part 1",타블로
The Boys,`The Boys` The 3rd Album,소녀시대
Mr.Taxi (Korean Ver.),`The Boys` The 3rd Album,소녀시대
사랑은 Move,Moving In Secret,시크릿 (Secret)
여기가 아파,천일의 약속 OST Part 1,백지영
미인,슈퍼스타K3 TOP 11 Part 3,울랄라세션
Brown City,슈퍼스타K3 TOP 11 Part 3,투개월
연애시대 (Feat. Ra.D / Nar. 한효주),연애시대,이승기
Airbag (Feat. 나얼),Airbag,타블로 (에픽하이)
샹하이 로맨스 (上海之戀),샹하이 로맨스 (上海之戀),오렌지캬라멜 (Orange Caramel)
"그대와 나, 설레임",1집 Unplugged,어쿠스틱 콜라보
Open Arms (Journey) (Feat. 크리스티나),슈퍼스타K 3 Top11 Part 2,울랄라세션
Poker Face (Lady GaGa),슈퍼스타K3 TOP 11 Part 2,투개월
사랑과 우정 사이 (피노키오) (with 김연우),`나는 가수다` 경연 10-1. 듀엣곡 부르기,김경호
동경소녀,슈퍼스타K3 TOP 11 Part 1,버스커 버스커 (Busker Busker)
여우야,슈퍼스타K3 TOP 11 Part 1,투개월
달의 몰락,슈퍼스타K3 TOP 11 Part 1,울랄라세션
내가 이렇지 (Feat. 하동균),2집 Avancer,지아 (Zia)
Sex Apeal (Max Farenthide Radio Edit) (Feat. Mike W.),Sex Apeal,Bueno Clinic
파라다이스 (Paradise),정규 1집 스페셜 리패키지 `Paradise`,인피니트 (Infinite)
Sixth Sense,Sixth Sense,브라운 아이드 걸스
Hot Shot,Sixth Sense,브라운 아이드 걸스
난 좋아,처음,성시경
그대이길 바래요 (With 케이윌),그대이길 바래요,지아 (Zia)
STEP,3집 STEP,카라 (KARA)
I Was Born To Love You,Made In Heaven (2011 Remaster),Queen
좋아보여 (Feat. 검정치마),4집 Go Easy,버벌진트 (Verbal Jint)
안녕이라고 말하지마,Love Delight,다비치
사랑 사랑아,Love Delight,다비치
나란 놈은 답은 너다 (Feat. 하림),7집 AsuRa BalBalTa,리쌍
회상 (Feat. 백지영),7집 AsuRa BalBalTa,리쌍
Top Girl,Top Girl (EP),지나(G.NA)
"TV를 껐네...  (Feat. 윤미래, 권정열)",7집 AsuRa BalBalTa,리쌍
안아줘요,안아줘요,10cm
"가슴으로 운다 (Feat. 아이린, 윤미)",Love Harmony,"디셈버, 제이세라"
블링블링 (Bling Bling),Bling Bling,Dal★Shabet (달샤벳)
So Cool (쏘쿨),1집 So Cool,씨스타 (Sistar)
You Are So Beautiful,여인의 향기 OST Part 2,김준수
Mr. Simple,`Mr. Simple` The 5th Album,슈퍼주니어 (Super Junior)
Ugly,2NE1 2nd Mini Album,2NE1 (투애니 원)
Grand Final (Feat. 정인 & MC 날유),Grand Final,리쌍
나 가거든 (If I Leave) (조수미),`나는 가수다` 경연 6-2. 청중 평가단 추천곡,박정현
술이야 (바이브),`나는 가수다` 경연 6-2. 청중 평가단 추천곡,장혜진
Hate You,2NE1 2nd Mini Album,2NE1 (투애니 원)
내꺼하자,Over The Top,인피니트 (Infinite)
밤 하늘에,The 4Th Single Album - Red,애프터스쿨 RED
남자니까 웃는거야,Homme by `Hitman` Bang - 남자니까 웃는거야,"창민, 이현 (HOMME)"
Good-bye Baby,A Class,miss A
오늘도 사랑해,공주의 남자 OST Part 1,백지영
모나리자 (Mona Lisa),모나리자,엠블랙 (MBLAQ)
한번만 안아줘,Everyday,걸스데이 (Girl`s Day)
Bubble Pop!,Bubble Pop!,현아 (HyunA)
바람났어 (Feat. 박봄),무한도전 서해안 고속도로 가요제,GG
압구정 날라리,무한도전 서해안 고속도로 가요제,처진 달팽이
나만 부를 수 있는 노래,무한도전 서해안 고속도로 가요제,바닷길
흔들어 주세요,무한도전 서해안 고속도로 가요제,철싸
순정마초,무한도전 서해안 고속도로 가요제,파리돼지앵
말하는 대로,무한도전 서해안 고속도로 가요제,처진 달팽이
정주나요,무한도전 서해안 고속도로 가요제,스윗 콧소로우
죽을래 사귈래,무한도전 서해안 고속도로 가요제,센치한 하하
찹쌀떡,무한도전 서해안 고속도로 가요제,센치한 하하
다이어리,다이어리,나비 (Navi)
"A Bitter Day (Feat. 용준형 of 비스트, G.NA)",A Bitter Day,현아 (HyunA)
Roly-Poly,존트라볼타 워너비,티아라 (T-ara)
넌 내게 반했어,넌 내게 반했어 OST Part 1,정용화(Jung Yong Hwa)
랄랄라 (Feat. 소야),랄랄라,마이티 마우스 (Mighty Mouth)
Love On Top,4,Beyonce
Moves Like Jagger (Feat. Christina Aguilera) (Studio Recording From The Voice Performance),Moves Like Jagger (Single),Maroon 5
내가 제일 잘 나가,내가 제일 잘 나가,2NE1 (투애니 원)
Sweet Dream,Sweet Dream,레인보우 (Rainbow)
그 입술을 막아본다,8eight,에이트 (8eight)
얼음꽃 (Feat. 김세황),얼음꽃,"아이유 (IU), 김연아"
Hands Up,2집 Hands Up,2PM
바보 (박효신),`나는 가수다` 경연 5-1. 내가 부르고 싶은 노래,박정현
Hot Summer,`Hot Summer` f(x) 1st Album Repackage,f(x)
조율,`나는 가수다` 경연 5-2. 청중 평가단 추천곡,JK 김동욱
그렇고 그런 사이,장기하와 얼굴들,장기하와 얼굴들
살다가 한번쯤,The Artist,포맨 (4Men)
Midnight Circus,Midnight Circus,써니힐 (SunnyHill)
별빛달빛,별빛달빛,시크릿 (Secret)
나를 잊지 말아요,최고의 사랑 OST Part 5,허각
천일동안 (이승환),`나는 가수다` 경연 4-1. (내가 좋아하는 뮤지션의 곡 부르기),옥주현
내 손을 잡아,최고의 사랑 OST Part 4,아이유 (IU)
Hello Hello,Return,FTISLAND (FT 아일랜드)
나와 같다면 (김장훈),`나는 가수다` 경연 3-2 (네티즌 추천곡),김연우
늪 (조관우),`나는 가수다` 경연 3-2 (네티즌 추천곡),김범수
여러분 (윤복희),`나는 가수다` 경연 3-2 (네티즌 추천곡),임재범
사랑,시티헌터 OST Part 1,임재범
보통,8집 Pitta,백지영
두근두근,최고의 사랑 OST Part 3,써니힐 (SunnyHill)
Fiction,1집 Fiction And Fact,비스트 (Beast)
그날에 우리,-1,어반 자카파 (Urban Zakapa)
비가 오는 날엔,비가 오는 날엔,비스트 (Beast)
Lonely,Lonely,2NE1 (투애니 원)
이러쿵 저러쿵,Club Remix Time  To Play,5dolls
내 사람이라서,최고의 사랑 OST Part 2,지나(G.NA)
Golden Lady (Feat. 현아),Golden Lady,임정희
이젠 그랬으면 좋겠네 (조용필),`나는 가수다` 경연 3-1 (내가 부르고싶은 남의노래),박정현
미련 (김건모),`나는 가수다` 경연 3-1 (내가 부르고싶은 남의노래),김연우
미인,Beautiful Woman,디셈버 (December)
Ma Boy (마보이),Ma Boy,씨스타19
Love Alone,1집 Love Alone,miss A
Shampoo,1집 Virgin,애프터스쿨 (After School)
Don`t Cry,Don`t Cry (Digital Single),박봄
피노키오 (Danger),`피노키오` f(x) The 1st Album,f(x)
몰라요,Seven Springs Of Apink,에이핑크 (Apink)
배가 불렀지 (Feat. GaeKo Of DYNAMIC DUO),Hommage to Quincy Jones (Digital Single),슈프림팀 (Supreme Team)
들리나요,내 마음이 들리니 OST Part 1,지아 (Zia)
별 짓 다해봤는데,별 짓 다해봤는데,알리 (Ali)
다며 (Feat. 마이티마우스),다며 (Digital Single),이현 (에이트)
LOVE SONG,빅뱅 스페셜에디션,빅뱅
STUPID LIAR,빅뱅 스페셜에디션,빅뱅
To Me (내게로..),So 女 (EP),레인보우 (Rainbow)
너 밖엔 없더라,FLY HIGH (Digtial Single),김그림
거울아 거울아,1집 4MINUTES LEFT,포미닛 (4minute)
방콕시티 (Bangkok City),방콕시티 (Digital Single),오렌지 캬라멜 (Orange Caramel)
La Vida Loca,Classic Over (EP),클로버 (Clover)
Heart To Heart,Heart To Heart,포미닛 (4minute)
메아리,T-School,김태우
아파 아이야,Elegy Nouveau - 스페셜,양파
이태원 프리덤 (With JYP),이태원 프리덤 (Digital Single),유브이 (UV)
제발,`나는 가수다` 경연2. `서로의 노래 바꿔 부르기`,김범수
약속,`나는 가수다` 경연2. `서로의 노래 바꿔 부르기`,백지영
You Are My Lady,`나는 가수다` 경연2. `서로의 노래 바꿔 부르기`,김건모
Dash (With YB),`나는 가수다` 경연2. `서로의 노래 바꿔 부르기`,윤도현
첫인상,`나는 가수다` 경연2. `서로의 노래 바꿔 부르기`,박정현
아무일도 없었다,49일 OST Part 3,정엽
직감,FIRST STEP,씨엔블루 (CNBLUE)
나 항상 그대를 (With YB),`나는 가수다` 경연 1. (`80년대 명곡 부르기),윤도현
반짝반짝,Girl`s Day Party #3,걸스데이 (Girl`s Day)
가슴 시린 이야기 (Feat. 용준형),가슴 시린 이야기,휘성
가슴이 뛴다,가슴이 뛴다,케이윌 (K.Will)
가질 수 없는 너,"현빈, 가질 수 없는 너",현빈
미친거니 (Feat. 방용국),미친거니 (Digital Single),송지은
Tonight,빅뱅 미니앨범 4집,빅뱅
Cafe,빅뱅 미니앨범 4집,빅뱅
What Is Right,빅뱅 미니앨범 4집,빅뱅
나만 몰랐던 이야기,Real+,아이유 (IU)
파파라치 (Feat. 에릭),Watch,간미연
Just The Way You Are,Doo-Wops & Hooligans (International Ver.),Bruno Mars
내꺼중에 최고,내꺼중에 최고 (EP),이현 (에이트)
사랑은 은하수 다방에서,1집 1.0,10cm
"Party Rock Anthem (Feat. Lauren Bennett, Goon Rock)",Party Rock Anthem (Single),LMFAO
Someone Like You,21,Adele
Rolling In The Deep,21,Adele
Black & White,Black & White,지나(G.NA)
톡톡 (Tok Tok) (Feat. Soya),Mighty Fresh,마이티 마우스 (Mighty Mouth)
Bohemian Rhapsody (2011 Remaster),Greatest Hits (2011 Remaster),Queen
좋은 날,Real,아이유 (IU)
미리 메리 크리스마스 (Feat. 천둥),Real,아이유 (IU)
Love The Way You Lie (Part II) (Feat. Eminem),5집 Loud,Rihanna
I Got My Eye On You (Cristian Marchi & Paolo Sandrini Perfect Edit) (Feat. Luciana),I Got My Eye On You,"Nari & Milani, Cristian Marchi"
그땐 그땐 그땐,Ames Room,"슈프림팀 (Supreme Team), 영준 (브라운 아이드 소울)"
널 생각해,원모어찬스,원 모어 찬스 (One More Chance)
아메리카노,아메리카노,10cm
Love The Way You Lie (Feat. Rihanna),7집 Recovery,Eminem
못해 (Feat. 美),The 3rd Generation (Special Album),포맨 (4Men)
"헤어지지 못하는 여자, 떠나가지 못하는 남자 (Feat. 정인)",6집 Hexagonal,리쌍
Empire State Of Mind (Feat. Alicia Keys),The Blueprint 3,Jay-Z
Halo,Halo,Beyonce
Viva La Vida,Viva La Vida (Prospekt`s March Edition),Coldplay
Slow Motion,First Love,Karina
Lucky (Feat. Colbie Caillat),We Sing. We Dance. We Steal Things.,Jason Mraz
I`m Yours,We Sing. We Dance. We Steal Things.,Jason Mraz
I`m Yours (Album Version),I`m Yours,Jason Mraz
Falling Slowly,원스 (Once) OST,"Glen Hansard, Marketa lrglova"
추억은 사랑을 닮아,The Breeze Of Sea,박효신
거리에서,The Ballads,성시경
서쪽 하늘,청연 OST,이승철
광대,3집 Library Of Soul,"리쌍, BMK"
Fix You,X & Y,Coldplay
인연 (동녘바람),사춘기,이선희
바람이 분다,6집 눈썹달,이소라
Sunday Morning,Sunday Morning,Maroon 5
너에게 쓰는 편지,1집 180 Degree,MC 몽
The Scientist,A Rush Of Blood To The Head,Coldplay
Don`t Know Why,Come Away With Me,Norah Jones
여전히 아름다운지 (Feat. 김연우),A Night In Seoul,토이 (Toy)